champion_id,champion_name,skin_id,skin_name,skin_release_date,win_rate_1m_before,win_rate_2w_after,popularity_1m_before,popularity_2w_after,buff_entries_6w_before,buff_patches_6w_before,nerf_entries_6w_after,nerf_patches_6w_after,win_rate_change,popularity_change,any_buff_6w_before,any_nerf_6w_after,popularity_quartile
134,Syndra,2,Atlantean,2014-04-29,49.2165614319893,49.0412816646177,3.61587724749998,6.90302778329725,1,1,0,0,-0.17527976737157,3.28715053579727,TRUE,FALSE,Q1: least popular
24,Jax,8,SKT T1,2014-05-04,51.4987926358274,51.9847465699219,17.5170988667993,21.3027400891359,1,1,0,0,0.485953934094461,3.78564122233656,TRUE,FALSE,Q4: most popular
64,Lee Sin,6,SKT T1,2014-05-04,47.9293907734588,47.9935050686016,30.144596500977,37.4184527227247,2,1,0,0,0.0641142951427298,7.27385622174764,TRUE,FALSE,Q4: most popular
67,Vayne,5,SKT T1,2014-05-04,46.9488687891451,46.5490793060704,20.4921718321586,27.0763296082178,1,1,0,0,-0.399789483074727,6.58415777605923,TRUE,FALSE,Q4: most popular
238,Zed,2,SKT T1,2014-05-04,47.6086657136314,47.4398986279688,15.8220079563758,16.7650256805047,1,1,0,0,-0.168767085662601,0.943017724128863,TRUE,FALSE,Q4: most popular
143,Zyra,3,SKT T1,2014-05-04,52.4115627463216,52.3214192084373,3.24507324206403,7.31536448991104,1,1,0,0,-0.090143537884245,4.07029124784701,TRUE,FALSE,Q1: least popular
80,Pantheon,6,Dragonslayer,2014-05-14,49.204264363402,49.1978698434668,13.6214058022311,13.5605451278331,3,1,1,1,-0.00639451993527729,-0.0608606743980715,TRUE,TRUE,Q4: most popular
127,Lissandra,2,Blade Queen,2014-05-26,48.8123972851433,46.7612454343908,2.38890603573132,5.34455469152171,2,1,0,0,-2.05115185075243,2.9556486557904,TRUE,FALSE,Q1: least popular
267,Nami,2,River Spirit,2014-06-01,51.128922796473,51.8747828210051,9.7195181589896,8.56731420481133,0,0,0,0,0.745860024532135,-1.15220395417827,FALSE,FALSE,Q3
133,Quinn,2,Woad Scout,2014-06-09,49.825446948124,49.4413582691929,4.93819795661495,10.268979904126,0,0,0,0,-0.384088678931143,5.33078194751105,FALSE,FALSE,Q2
12,Alistar,7,Sweeper,2014-06-18,44.5505503269848,43.8722101491192,4.74014543815278,5.20712320238448,0,0,1,1,-0.678340177865536,0.4669777642317,FALSE,TRUE,Q2
79,Gragas,7,Superfan,2014-06-18,47.344456914984,48.4176811929537,3.47605601854675,6.64535971358205,1,1,4,1,1.07322427796976,3.1693036950353,TRUE,TRUE,Q1: least popular
236,Lucian,2,Striker,2014-06-18,52.0633707449519,49.8229830848013,19.9376225641947,21.2190887640764,0,0,5,2,-2.24038766015059,1.28146619988174,FALSE,TRUE,Q4: most popular
4,Twisted Fate,8,Red Card,2014-06-18,46.8006770457779,47.2046981081524,8.71503200895998,8.46586708290815,0,0,0,0,0.404021062374547,-0.249164926051826,FALSE,FALSE,Q3
119,Draven,3,Primetime,2014-06-20,51.6021810183107,51.6877998984971,9.76295049898524,11.8403434035167,0,0,0,0,0.0856188801864306,2.07739290453146,FALSE,FALSE,Q3
8,Vladimir,6,Soulstealer,2014-07-09,48.0662355272274,48.1560573848728,3.38436793220399,5.03357584689486,1,1,0,0,0.0898218576454468,1.64920791469087,TRUE,FALSE,Q1: least popular
74,Heimerdinger,5,Hazmat,2014-07-13,52.5342189296138,52.4437691991939,3.60745566933537,4.24738688851263,0,0,0,0,-0.0904497304199054,0.639931219177262,FALSE,FALSE,Q1: least popular
266,Aatrox,2,Mecha,2014-07-23,49.4452466584678,48.9094323199033,3.59301904414873,4.74045892117574,0,0,0,0,-0.535814338564542,1.14743987702701,FALSE,FALSE,Q1: least popular
54,Malphite,6,Mecha,2014-07-23,51.5299676316553,51.8010252932951,8.35592786903391,11.6584316816472,0,0,0,0,0.271057661639773,3.30250381261333,FALSE,FALSE,Q3
81,Ezreal,7,Debonair,2014-08-05,48.3942930980867,48.1860136080839,17.7910177603309,18.8614898291047,1,1,0,0,-0.208279490002795,1.07047206877387,TRUE,FALSE,Q4: most popular
254,Vi,3,Debonair,2014-08-05,51.6000786715003,51.0823168637961,13.454122425274,15.806507368098,0,0,0,0,-0.517761807704225,2.35238494282394,FALSE,FALSE,Q4: most popular
10,Kayle,7,Riot,2014-08-12,48.3717593394949,49.2601711052288,8.4221104707895,4.9669819979864,2,1,0,0,0.888411765733842,-3.4551284728031,TRUE,FALSE,Q3
21,Miss Fortune,7,Arcade,2014-08-12,52.6578823317379,52.2451248272413,7.48563773503853,8.50857153479813,0,0,0,0,-0.412757504496526,1.0229337997596,FALSE,FALSE,Q3
45,Veigar,8,Final Boss,2014-08-27,47.1349911529697,47.3943679721062,3.77725494592255,5.45342919749213,0,0,0,0,0.25937681913652,1.67617425156958,FALSE,FALSE,Q2
157,Yasuo,2,PROJECT: Yasuo,2014-08-31,50.2188982811046,48.821052993886,19.9454379691822,23.2122149229251,0,0,2,1,-1.39784528721863,3.26677695374293,FALSE,TRUE,Q4: most popular
51,Caitlyn,6,Headhunter,2014-09-03,49.2092897836773,49.4121991168276,22.7315599590525,22.7961794273332,0,0,0,0,0.202909333150302,0.0646194682807924,FALSE,FALSE,Q4: most popular
121,Kha'Zix,2,Guardian of the Sands,2014-09-09,48.5370876913178,50.4629641937384,7.1798328856985,26.8468924765392,0,0,1,1,1.92587650242061,19.6670595908407,FALSE,TRUE,Q3
42,Corki,7,Fnatic,2014-09-24,50.3459438131629,51.786051232078,8.22228333287922,7.89240960406632,0,0,0,0,1.4401074189151,-0.329873728812892,FALSE,FALSE,Q3
79,Gragas,8,Fnatic,2014-09-24,45.0739537935542,44.7564032269659,4.05165207474357,3.72820015244752,0,0,0,0,-0.317550566588309,-0.323451922296054,FALSE,FALSE,Q2
40,Janna,6,Fnatic,2014-09-24,53.1096534516567,53.2558444027317,4.17257171267983,11.0455604084474,0,0,1,1,0.146190951075063,6.87298869576757,FALSE,TRUE,Q2
59,Jarvan IV,6,Fnatic,2014-09-24,52.7809372517471,52.5641494308878,11.9067267994244,10.6633402084963,0,0,0,0,-0.216787820859288,-1.24338659092817,FALSE,FALSE,Q4: most popular
30,Karthus,5,Fnatic,2014-09-24,50.413247574036,51.2303828267902,2.2488573093803,1.84863312561778,0,0,0,0,0.817135252754213,-0.400224183762516,FALSE,FALSE,Q1: least popular
43,Karma,4,Order of the Lotus,2014-10-01,48.7086875201887,48.6793594568627,5.00331323823933,5.71171035401595,1,1,0,0,-0.0293280633259698,0.708397115776613,TRUE,FALSE,Q2
122,Darius,4,Dunkmaster,2014-10-12,48.3766920931183,49.6315607402358,6.15080007534091,8.69714293711796,0,0,0,0,1.25486864711755,2.54634286177705,FALSE,FALSE,Q2
102,Shyvana,5,Worlds 2014,2014-10-13,46.6245515978372,46.8926996607753,3.64282790187373,4.14926696206516,0,0,0,0,0.268148062938103,0.506439060191429,FALSE,FALSE,Q1: least popular
7,LeBlanc,4,Ravenborn,2014-10-28,46.1844799208005,46.6882724534252,6.67681185103478,8.72380566067201,2,1,0,0,0.503792532624757,2.04699380963724,TRUE,FALSE,Q3
62,Wukong,4,Underworld,2014-10-28,53.5989320277199,53.8405571165788,7.3056691753796,8.86932909141167,0,0,0,0,0.241625088858996,1.56365991603207,FALSE,FALSE,Q3
25,Morgana,6,Victorious,2014-11-11,50.8420195097752,50.6240016152844,17.9243734785488,19.573944011467,0,0,0,0,-0.218017894490799,1.64957053291819,FALSE,FALSE,Q4: most popular
96,Kog'Maw,8,Battlecast,2014-11-25,50.9286779297376,50.5763736021272,2.64465019845435,3.86838117861588,0,0,0,0,-0.352304327610376,1.22373098016153,FALSE,FALSE,Q1: least popular
72,Skarner,3,Battlecast Alpha,2014-11-25,50.4742048807607,49.0521069188567,1.05660597132109,1.99943748660432,0,0,0,0,-1.42209796190402,0.942831515283232,FALSE,FALSE,Q1: least popular
28,Evelynn,4,Safecracker,2014-11-28,45.594958520516,44.5207571121587,3.08555099180313,1.68370770354386,1,1,0,0,-1.07420140835725,-1.40184328825928,TRUE,FALSE,Q1: least popular
48,Trundle,4,Constable,2014-11-28,47.7911410302457,48.3525146461163,1.52824779463318,1.7124854332573,0,0,0,0,0.5613736158706,0.18423763862412,FALSE,FALSE,Q1: least popular
29,Twitch,6,Pickpocket,2014-11-28,45.9332313342322,45.3329202514835,9.42489398082345,5.64352447397628,0,0,0,0,-0.600311082748682,-3.78136950684717,FALSE,FALSE,Q3
106,Volibear,4,Captain,2014-11-28,50.2844294848772,50.8520459703943,4.86566218159367,4.72314915323901,0,0,0,0,0.567616485517135,-0.142513028354659,FALSE,FALSE,Q2
90,Malzahar,5,Snow Day,2014-12-15,52.6503525626938,52.5079467870617,2.97790750059854,3.82103196963496,0,0,0,0,-0.142405775632049,0.843124469036423,FALSE,FALSE,Q1: least popular
61,Orianna,5,Winter Wonder,2014-12-15,49.6972946363086,48.1509505879859,7.69779289648765,8.91606875882477,0,0,0,0,-1.54634404832271,1.21827586233712,FALSE,FALSE,Q3
113,Sejuani,5,Poro Rider,2014-12-15,51.8045904641368,52.5053990970373,1.70138254822796,6.81156007797681,5,1,0,0,0.70080863290044,5.11017752974885,TRUE,FALSE,Q1: least popular
60,Elise,3,Blood Moon,2015-01-08,43.315846872413,42.3496262493406,2.42032875545334,4.12034212793751,0,0,0,0,-0.96622062307236,1.70001337248417,FALSE,FALSE,Q1: least popular
412,Thresh,3,Blood Moon,2015-01-08,48.4563736021272,48.6222637500733,27.8738225084026,29.0408989652053,0,0,0,0,0.165890147946094,1.16707645680275,FALSE,FALSE,Q4: most popular
103,Ahri,5,Challenger,2015-01-15,50.6277144408147,54.1665207946154,9.71353341185933,17.7157439601893,0,0,5,2,3.53880635380079,8.00221054832997,FALSE,TRUE,Q3
201,Braum,2,El Tigre,2015-01-21,50.2277234212243,50.3439255415242,9.12056421254084,9.55481796010977,0,0,0,0,0.116202120299889,0.434253747568922,FALSE,FALSE,Q3
161,Vel'Koz,2,Arclight,2015-01-28,51.1170342083175,49.5039751145008,3.62181915396905,8.23483454275054,0,0,0,0,-1.61305909381667,4.6130153887815,FALSE,FALSE,Q1: least popular
222,Jinx,2,Firecracker,2015-02-10,52.8851634563235,52.5733593630578,19.9252289368568,25.9595165736168,0,0,0,0,-0.311804093265728,6.03428763676005,FALSE,FALSE,Q4: most popular
55,Katarina,8,Warring Kingdoms,2015-02-10,52.8089367513291,54.9358966993056,19.0991133733702,17.6628063395944,0,0,0,0,2.12695994797652,-1.43630703377578,FALSE,FALSE,Q4: most popular
76,Nidalee,7,Warring Kingdoms,2015-02-10,45.9645676729016,48.3302192071493,12.4632378648121,23.9897670778863,2,1,0,0,2.36565153424775,11.5265292130742,TRUE,FALSE,Q4: most popular
1,Annie,9,Sweetheart,2015-02-13,52.0051861728247,52.0929477133864,11.3609974612819,16.1222928602544,2,1,1,1,0.087761540561722,4.76129539897248,TRUE,TRUE,Q4: most popular
110,Varus,4,Heartseeker,2015-02-13,50.0194962247153,50.0365294204774,4.49544006351166,4.17695791969416,1,1,1,1,0.0170331957621244,-0.318482143817495,TRUE,TRUE,Q2
22,Ashe,7,Marauder,2015-02-17,51.370378699299,51.7353169401261,11.272770513346,9.76753257819988,0,0,0,0,0.364938240827136,-1.50523793514616,FALSE,FALSE,Q4: most popular
111,Nautilus,4,Warden,2015-02-17,49.7900195099237,49.1755109311982,2.32972748200555,2.63610253626727,0,0,3,1,-0.614508578725513,0.306375054261721,FALSE,TRUE,Q1: least popular
15,Sivir,7,Warden,2015-02-17,53.5175717248169,52.5463647560405,8.85146631435539,10.5838148181946,0,0,0,0,-0.971206968776443,1.73234850383924,FALSE,FALSE,Q3
19,Warwick,8,Marauder,2015-02-17,50.9134725730488,51.5727814191172,11.194280748455,9.39896475469927,0,0,0,0,0.659308846068406,-1.79531599375574,FALSE,FALSE,Q4: most popular
37,Sona,6,DJ,2015-02-25,52.3851949593853,52.2120962277536,9.89349281205283,13.6639508193834,0,0,0,0,-0.173098731631669,3.77045800733053,FALSE,FALSE,Q3
5,Xin Zhao,6,Secret Agent,2015-03-16,50.4952046025315,51.035731249508,8.44530289336221,10.6455115858131,2,1,0,0,0.540526646976517,2.20020869245091,TRUE,FALSE,Q3
84,Akali,7,Headhunter,2015-03-23,46.2260207817319,46.6885670772968,4.89455388850132,5.05131414914767,0,0,0,0,0.462546295564849,0.15676026064635,FALSE,FALSE,Q2
32,Amumu,8,Surprise Party,2015-03-31,52.261511404792,54.3795460429958,7.711014653194,11.7613664038875,0,0,0,0,2.11803463820374,4.05035175069354,FALSE,FALSE,Q3
267,Nami,3,Urf the Nami-tee,2015-03-31,50.4827278255225,51.1222511354239,5.95251465390223,6.36628358356445,0,0,0,0,0.639523309901428,0.413768929662226,FALSE,FALSE,Q2
75,Nasus,6,Archduke,2015-03-31,51.6454546375871,51.7017679969877,11.4334863965801,13.2739192813051,0,0,0,0,0.0563133594006544,1.84043288472495,FALSE,FALSE,Q4: most popular
16,Soraka,5,Order of the Banana,2015-03-31,49.6233350224298,50.4355747416133,4.75913417005775,3.75807206929863,1,1,0,0,0.812239719183438,-1.00106210075912,TRUE,FALSE,Q2
77,Udyr,4,Definitely Not,2015-03-31,50.2975783065759,51.7116618030947,5.59921591824265,8.13039164655526,0,0,0,0,1.41408349651876,2.5311757283126,FALSE,FALSE,Q2
17,Teemo,8,Omega Squad,2015-04-08,49.6556416976941,49.9874525751286,9.89990326613848,10.7514779243884,0,0,0,0,0.331810877434428,0.851574658249875,FALSE,FALSE,Q3
3,Galio,5,Debonair,2015-04-13,50.3294261144035,50.7640034950537,0.912366671242788,1.36904770330154,0,0,0,0,0.434577380650197,0.456681032058752,FALSE,FALSE,Q1: least popular
67,Vayne,6,Arclight,2015-04-20,48.845196486432,49.8731972070516,23.3548226592214,29.1721383680305,0,0,0,0,1.02800072061959,5.81731570880911,FALSE,FALSE,Q4: most popular
33,Rammus,7,Guardian of the Sands,2015-04-26,52.1794392271478,51.7172263304319,2.84318369757554,2.98175399084677,1,1,0,0,-0.462212896715933,0.138570293271228,TRUE,FALSE,Q1: least popular
72,Skarner,4,Guardian of the Sands,2015-04-26,52.9034537756854,53.0650369738867,1.78834523878236,1.76030374893007,0,0,0,0,0.161583198201328,-0.0280414898522907,FALSE,FALSE,Q1: least popular
101,Xerath,4,Guardian of the Sands,2015-04-26,49.1489511969836,50.0693805303814,7.27600470904577,4.38297033663906,0,0,0,0,0.920429333397799,-2.89303437240671,FALSE,FALSE,Q3
9,Fiddlesticks,8,Risen,2015-04-29,50.4087438565493,49.9025169644816,5.86345888311211,5.11050942879719,0,0,0,0,-0.506226892067737,-0.752949454314924,FALSE,FALSE,Q2
126,Jayce,3,Forsaken,2015-05-03,47.0782590566957,46.2962041445972,3.31406708062126,5.88922075849281,0,0,4,1,-0.78205491209858,2.57515367787155,FALSE,TRUE,Q1: least popular
115,Ziggs,5,Master Arcanist,2015-05-06,49.5651570664528,49.7514679242924,2.8720654273929,6.62585755123333,1,1,0,0,0.186310857839537,3.75379212384043,TRUE,FALSE,Q1: least popular
26,Zilean,5,Blood Moon,2015-05-10,47.2779366553003,48.2565024987154,0.78346770401538,1.14005093265671,0,0,0,0,0.978565843415161,0.356583228641331,FALSE,FALSE,Q1: least popular
107,Rengar,3,SSW,2015-05-13,47.8362991767022,47.9036443641436,10.2087796325468,19.3111470822314,0,0,0,0,0.0673451874414184,9.1023674496846,FALSE,FALSE,Q3
27,Singed,7,SSW,2015-05-13,47.660476497315,48.7431465611178,2.08877001978424,2.00398012549616,0,0,0,0,1.08267006380277,-0.0847898942880789,FALSE,FALSE,Q1: least popular
91,Talon,4,SSW,2015-05-13,51.5220110778263,51.4203426719441,5.4703575159832,7.97832174833924,0,0,0,0,-0.101668405882194,2.50796423235604,FALSE,FALSE,Q2
412,Thresh,4,SSW,2015-05-13,48.9583102545285,49.4133178970898,29.5411474408047,31.6249574271811,0,0,0,0,0.45500764256132,2.08380998637636,FALSE,FALSE,Q4: most popular
29,Twitch,7,SSW,2015-05-13,44.2864820362282,46.7371034933654,5.78934182413511,3.96824940743161,1,1,0,0,2.45062145713722,-1.82109241670349,TRUE,FALSE,Q2
99,Lux,6,Star Guardian,2015-05-17,49.5592491341547,49.6450007186772,8.65067201369509,14.192610970259,0,0,0,0,0.0857515845224484,5.5419389565639,FALSE,FALSE,Q3
81,Ezreal,8,Ace of Spades,2015-05-20,46.9769440717112,47.3277905483497,18.7147873267889,19.9582667536073,0,0,0,0,0.350846476638523,1.24347942681838,FALSE,FALSE,Q4: most popular
82,Mordekaiser,5,King of Clubs,2015-05-20,50.9001076312507,52.0650920604854,1.88298859730454,2.80733921700941,1,1,0,0,1.16498442923477,0.924350619704865,TRUE,FALSE,Q1: least popular
35,Shaco,7,Wild Card,2015-05-20,48.2735652496703,49.9693862634305,8.10801915491874,9.93255866298901,0,0,0,0,1.69582101376015,1.82453950807027,FALSE,FALSE,Q3
134,Syndra,3,Queen of Diamonds,2015-05-20,45.8754161075667,44.9065036545954,2.60130256258546,2.14331118754944,0,0,0,0,-0.968912452971381,-0.457991375036012,FALSE,FALSE,Q1: least popular
64,Lee Sin,10,Knockout,2015-05-31,46.7582405362238,47.3121051956914,27.4414570996102,24.8442280601401,0,0,0,0,0.553864659467592,-2.59722903947008,FALSE,FALSE,Q4: most popular
39,Irelia,5,Order of the Lotus,2015-06-03,51.2960536746937,51.5137935387625,6.60599430539841,8.46237976682447,0,0,0,0,0.217739864068811,1.85638546142606,FALSE,FALSE,Q3
23,Tryndamere,7,Nightmare,2015-06-07,52.4261306478659,52.5027263917745,7.18734455515118,10.1367409632727,0,0,0,0,0.0765957439086193,2.94939640812152,FALSE,FALSE,Q3
34,Anivia,6,Prehistoric,2015-06-14,50.4810267329682,49.82077761241,1.76831631621365,3.45710748465972,0,0,0,0,-0.660249120558227,1.68879116844607,FALSE,FALSE,Q1: least popular
31,Cho'Gath,6,Prehistoric,2015-06-14,50.9532396713532,50.2031515332036,11.3618089611125,11.4499002487453,0,0,0,0,-0.750088138149565,0.0880912876327997,FALSE,FALSE,Q4: most popular
58,Renekton,7,Prehistoric,2015-06-14,50.4423830572736,52.1075486751994,4.61011218367278,6.35056424054733,2,1,0,0,1.66516561792584,1.74045205687455,TRUE,FALSE,Q2
36,Dr. Mundo,8,Pool Party Mundo,2015-06-25,47.3874822907581,47.1485216990627,3.34254579151243,3.61515235382287,0,0,0,0,-0.238960591695324,0.272606562310449,FALSE,FALSE,Q1: least popular
119,Draven,4,Pool Party,2015-06-25,50.941231470046,51.6282610031243,7.61015818441555,8.49961694387233,0,0,0,0,0.687029533078253,0.889458759456788,FALSE,FALSE,Q3
117,Lulu,5,Pool Party,2015-06-25,49.2749098123662,50.2936871648738,4.95996655550972,4.53645672955681,1,1,0,0,1.01877735250765,-0.423509825952918,TRUE,FALSE,Q2
421,Rek'Sai,2,Pool Party,2015-06-25,50.8774511339307,48.7285560489401,7.51062586517829,6.82985413595998,0,0,1,1,-2.14889508499058,-0.680771729218313,FALSE,TRUE,Q3
154,Zac,2,Pool Party,2015-06-25,49.7868391711601,48.5989041555011,2.53262856756402,2.93929763731677,0,0,0,0,-1.18793501565902,0.406669069752751,FALSE,FALSE,Q1: least popular
150,Gnar,2,Gentleman,2015-07-14,48.3722632456012,48.6891479151392,8.82708874896419,8.89381548542236,0,0,0,0,0.316884669537949,0.0667267364581772,FALSE,FALSE,Q3
104,Graves,6,Cutthroat,2015-07-21,50.1918453977515,50.1723787637822,11.742513926203,14.6728385758746,0,0,0,0,-0.0194666339693867,2.93032464967162,FALSE,FALSE,Q4: most popular
4,Twisted Fate,9,Cutpurse,2015-07-21,49.2283042898819,49.4513225037368,6.51159096712119,11.4214030063197,0,0,0,0,0.223018213854836,4.90981203919852,FALSE,FALSE,Q3
266,Aatrox,3,Sea Hunter,2015-07-22,51.3249404779447,52.4314051699425,2.61122211842035,3.50652843161988,1,1,0,0,1.10646469199786,0.895306313199523,TRUE,FALSE,Q1: least popular
86,Garen,10,Rogue Admiral,2015-07-22,49.9076284462076,50.1110538774569,6.54155554689196,7.81143111424702,0,0,8,2,0.203425431249258,1.26987556735506,FALSE,TRUE,Q3
133,Quinn,3,Corsair,2015-07-22,50.5533991234533,49.8560153935591,2.89644985432728,3.29957714273929,0,0,0,0,-0.697383729894177,0.403127288412014,FALSE,FALSE,Q1: least popular
21,Miss Fortune,8,Captain Fortune,2015-07-30,51.3715381805257,51.1324743831225,5.84081858124795,7.82669892022907,4,1,0,0,-0.239063797403155,1.98588033898112,TRUE,FALSE,Q2
105,Fizz,8,Cottontail,2015-08-09,50.468710559826,50.396298441391,11.6970071738918,14.1225998237754,0,0,2,1,-0.0724121184350537,2.42559264988357,FALSE,TRUE,Q4: most popular
53,Blitzcrank,11,Battle Boss,2015-08-19,53.1158036383346,52.4496035277779,21.2134277080246,31.5111503652325,0,0,0,0,-0.666200110556716,10.2977226572079,FALSE,FALSE,Q4: most popular
92,Riven,6,Arcade,2015-08-19,49.7241847334483,49.3111453769842,16.786784480772,20.8409006739654,0,0,1,1,-0.41303935646409,4.05411619319344,FALSE,TRUE,Q4: most popular
103,Ahri,6,Academy,2015-08-26,53.9220046626739,53.4653979330105,11.8062563278202,12.407132970958,0,0,0,0,-0.456606729663363,0.600876643137818,FALSE,FALSE,Q4: most popular
245,Ekko,2,Academy,2015-08-26,47.4573135289311,48.6074240595462,9.34467033740435,13.624640490359,6,2,0,0,1.15011053061514,4.2799701529546,TRUE,FALSE,Q3
8,Vladimir,7,Academy,2015-08-26,49.5239860119785,48.1009842084118,7.87772019419649,8.36169140582308,0,0,0,0,-1.42300180356665,0.483971211626584,FALSE,FALSE,Q3
89,Leona,8,PROJECT: Leona,2015-09-07,52.2494977144517,52.0904488744102,14.1130591369342,17.5930453412179,1,1,0,0,-0.159048840041493,3.47998620428375,TRUE,FALSE,Q4: most popular
236,Lucian,6,PROJECT: Lucian,2015-09-07,47.8314012503632,48.5122953443779,8.95809465675056,15.3420638847506,4,1,0,0,0.680894094014747,6.38396922800005,TRUE,FALSE,Q3
11,Master Yi,9,PROJECT: Yi,2015-09-07,49.3972174643791,50.2067993006945,15.3322287059667,23.2185422054301,1,1,0,0,0.809581836315417,7.88631349946339,TRUE,FALSE,Q4: most popular
238,Zed,3,PROJECT: Zed,2015-09-07,48.6080964640886,48.2789645464136,14.5683332366089,21.0892449259181,1,1,0,0,-0.329131917674964,6.52091168930915,TRUE,FALSE,Q4: most popular
429,Kalista,2,Worlds 2015,2015-09-27,48.7010909725686,48.4263380198581,7.46700351737111,12.0591948605166,0,0,0,0,-0.274752952710486,4.59219134314549,FALSE,FALSE,Q3
12,Alistar,8,Marauder,2015-09-30,48.2462543233754,48.4509020833323,11.1303261664397,11.8748711413557,1,1,0,0,0.204647759956892,0.744544974916,TRUE,FALSE,Q4: most popular
24,Jax,12,Warden,2015-09-30,49.8295793475516,50.0654895833385,9.04339423437993,10.1923078291248,1,1,1,1,0.235910235786839,1.14891359474488,TRUE,TRUE,Q3
43,Karma,5,Warden,2015-09-30,49.4439089521096,49.3106765624992,2.78872865999904,2.85041054560074,1,1,0,0,-0.133232389610399,0.0616818856016956,TRUE,FALSE,Q1: least popular
2,Olaf,5,Marauder,2015-09-30,47.7848540180166,48.4702255208331,5.34077952683759,6.96315540148807,1,1,1,1,0.685371502816444,1.62237587465048,TRUE,TRUE,Q2
54,Malphite,7,Ironside,2015-10-07,52.6522408630104,52.4690976974302,11.7174441917462,13.3551400017235,0,0,0,0,-0.183143165580226,1.63769580997734,FALSE,FALSE,Q4: most popular
38,Kassadin,5,Cosmic Reaver,2015-10-14,45.5432316699431,47.0417664128277,1.69666085372469,7.2848325614149,0,0,1,1,1.49853474288456,5.58817170769021,FALSE,TRUE,Q1: least popular
254,Vi,4,Demon,2015-10-19,51.2087233681912,51.7726521030061,8.15697744804354,8.7362501385843,0,0,0,0,0.56392873481488,0.579272690540757,FALSE,FALSE,Q3
63,Brand,5,Spirit Fire,2015-10-21,53.8238740109209,54.1449810218249,4.47627924619095,6.38138452005084,0,0,1,1,0.321107010904001,1.90510527385989,FALSE,TRUE,Q2
222,Jinx,3,Zombie Slayer,2015-11-05,51.9894732985053,50.6640878744907,25.2598892388394,22.5937385169242,0,0,2,1,-1.32538542401465,-2.66615072191516,FALSE,TRUE,Q4: most popular
20,Nunu & Willump,7,Zombie,2015-11-05,47.3685968876473,47.0760646322341,2.33732294614889,3.23770911271382,0,0,1,1,-0.292532255413164,0.900386166564929,FALSE,TRUE,Q1: least popular
80,Pantheon,7,Zombie Slayer,2015-11-05,49.9966664631,48.6915119126123,6.91249195027636,6.51076854519142,0,0,1,1,-1.30515455048779,-0.401723405084945,FALSE,TRUE,Q3
15,Sivir,8,Victorious,2015-11-12,51.4792983151305,47.7797557128046,9.46729810385922,7.19635590862213,2,1,0,0,-3.69954260232594,-2.27094219523709,TRUE,FALSE,Q3
120,Hecarim,5,Elderwood,2015-11-25,50.4168848666415,49.1084643910574,4.77115207447336,4.89518975992577,2,2,3,1,-1.30842047558412,0.124037685452413,TRUE,TRUE,Q2
268,Azir,2,Gravelord,2015-12-01,44.5093633175187,46.3778967263163,4.40346385206762,5.14147790607304,2,1,1,1,1.86853340879761,0.738014054005412,TRUE,TRUE,Q2
18,Tristana,10,Dragon Trainer,2015-12-03,48.4316318728093,48.8401468027468,18.5188110129541,19.7103512187507,7,1,0,0,0.408514929937546,1.19154020579667,TRUE,FALSE,Q4: most popular
201,Braum,3,Braum Lionheart,2015-12-07,51.2450571349569,50.6600485359158,9.25560866190788,7.61482753394188,0,0,0,0,-0.585008599041032,-1.640781127966,FALSE,FALSE,Q3
79,Gragas,9,Gragas Caskbreaker,2015-12-07,47.1206092611245,45.8457401727166,4.61836530088573,3.23858614612841,0,0,0,0,-1.27486908840792,-1.37977915475732,FALSE,FALSE,Q2
13,Ryze,9,Ryze Whitebeard,2015-12-07,43.0983092334736,44.7308008426114,8.30464461092954,4.75061511869725,1,1,0,0,1.63249160913782,-3.55402949223229,TRUE,FALSE,Q3
110,Varus,5,Varus Swiftbolt,2015-12-07,50.2804264827872,50.1451577417265,4.71151422921481,4.8156937303067,3,1,1,1,-0.135268741060685,0.104179501091891,TRUE,TRUE,Q2
432,Bard,5,Snow Day,2015-12-10,48.1320916356335,47.3295896895426,3.61536701246397,8.69519332405695,3,1,0,0,-0.802501946090899,5.07982631159298,TRUE,FALSE,Q1: least popular
150,Gnar,3,Snow Day,2015-12-10,49.2209885455458,49.2847948447713,6.97318882289612,7.85085737079008,1,1,0,0,0.0638062992255044,0.877668547893955,TRUE,FALSE,Q3
134,Syndra,4,Snow Day,2015-12-10,47.876316721042,47.7490087792993,2.6455857137291,3.55754864706484,1,1,0,0,-0.127307941742778,0.911962933335743,TRUE,FALSE,Q1: least popular
76,Nidalee,8,Challenger,2016-01-14,43.2042688077764,45.9350276350439,8.31685561982708,8.35019386949133,2,1,0,0,2.73075882726752,0.0333382496642471,TRUE,FALSE,Q3
51,Caitlyn,10,Lunar Wraith,2016-01-27,47.5336081528275,48.424347302136,10.7553028499509,11.8161741070144,3,1,0,0,0.890739149308466,1.0608712570635,TRUE,FALSE,Q4: most popular
25,Morgana,10,Lunar Wraith,2016-01-27,51.3188372382677,50.51076787984,14.1520089270445,17.4294136976008,0,0,0,0,-0.808069358427666,3.27740477055632,FALSE,FALSE,Q4: most popular
62,Wukong,5,Radiant,2016-01-27,53.2156166726843,52.1288010052081,4.93575135900765,6.71770087036104,0,0,0,0,-1.08681566747618,1.78194951135339,FALSE,FALSE,Q2
119,Draven,5,Beast Hunter,2016-02-04,49.9826934293043,49.8188487441775,6.82541997729665,4.98389139973167,0,0,0,0,-0.16384468512674,-1.84152857756498,FALSE,FALSE,Q3
113,Sejuani,6,Beast Hunter,2016-02-04,52.7022540554131,50.9512567235976,2.6280620908384,2.93578365540814,0,0,0,0,-1.75099733181551,0.307721564569743,FALSE,FALSE,Q1: least popular
23,Tryndamere,8,Beast Hunter,2016-02-04,51.1020725872609,51.3359066459645,7.02987713628221,6.09259035884701,0,0,0,0,0.233834058703643,-0.937286777435197,FALSE,FALSE,Q3
61,Orianna,6,Heartseeker,2016-02-11,47.5885236991646,46.4270040374264,4.18979282803488,4.57178222655769,0,0,1,1,-1.16151966173816,0.381989398522814,FALSE,TRUE,Q2
37,Sona,7,Sweetheart,2016-02-11,53.6046365743222,52.2161384879209,8.02653344111752,7.52759817799178,0,0,0,0,-1.38849808640129,-0.498935263125731,FALSE,FALSE,Q3
85,Kennen,6,Blood Moon,2016-02-25,48.2477843168044,48.5044642330019,3.51103693558118,3.26025016751805,0,0,0,0,0.256679916197434,-0.250786768063123,FALSE,FALSE,Q1: least popular
157,Yasuo,3,Blood Moon,2016-02-25,49.1907784316804,50.5639831963484,19.6593517229098,25.9467962879711,0,0,0,0,1.37320476466791,6.28744456506125,FALSE,FALSE,Q4: most popular
7,LeBlanc,5,Elderwood,2016-03-10,46.55130508942,46.377883964813,11.3660334048094,12.7743167578947,0,0,0,0,-0.173421124606996,1.40828335308525,FALSE,FALSE,Q4: most popular
121,Kha'Zix,3,Death Blossom,2016-03-17,47.1002863522665,48.6859455830622,5.25811388561147,8.82755135887853,0,0,0,0,1.58565923079573,3.56943747326706,FALSE,FALSE,Q2
119,Draven,6,Draven Draven,2016-03-31,49.6869064334213,49.7444412356844,5.4914775057809,7.31141385514717,0,0,0,0,0.0575348022631346,1.81993634936627,FALSE,FALSE,Q2
57,Maokai,6,Meowkai,2016-03-31,48.473911357978,50.5633294193513,1.5940626442466,6.20691280482097,3,1,0,0,2.08941806137327,4.61285016057436,TRUE,FALSE,Q1: least popular
223,Tahm Kench,2,Urf Kench,2016-03-31,46.2784927706521,45.8644479000322,5.84607854426459,4.8672202057917,1,1,0,0,-0.414044870619875,-0.978858338472885,TRUE,FALSE,Q2
161,Vel'Koz,3,Definitely Not,2016-03-31,52.3383151716337,52.57333322755,3.26534247301907,4.37425591539804,0,0,5,1,0.23501805591637,1.10891344237897,FALSE,TRUE,Q1: least popular
127,Lissandra,3,Program,2016-04-06,47.9109083553182,48.2778486674623,4.64318342493007,5.00042352885419,0,0,0,0,0.36694031214418,0.357240103924122,FALSE,FALSE,Q2
14,Sion,5,Mecha Zero,2016-04-13,52.5713090313952,53.7486385172783,2.73530253191714,4.70142143706736,0,0,0,0,1.17732948588314,1.96611890515022,FALSE,FALSE,Q1: least popular
131,Diana,3,Infernal,2016-04-20,51.4448130338718,51.2995133609743,6.36055009202888,7.10009021948062,0,0,0,0,-0.145299672897472,0.73954012745174,FALSE,FALSE,Q3
10,Kayle,8,Iron Inquisitor,2016-05-04,52.0199481212798,50.9243790380758,4.50476179549417,4.59843402962056,0,0,0,0,-1.095569083204,0.0936722341263891,FALSE,FALSE,Q2
56,Nocturne,6,Cursed Revenant,2016-05-04,51.0036669314093,50.8807429274873,4.05354147435924,4.07836710605729,0,0,0,0,-0.122924003921938,0.0248256316980502,FALSE,FALSE,Q2
27,Singed,8,Black Scourge,2016-05-04,49.3952501985569,50.4978525279134,1.79415108022776,2.07417252000429,0,0,0,0,1.1026023293565,0.280021439776531,FALSE,FALSE,Q1: least popular
105,Fizz,9,Super Galaxy,2016-05-25,51.4143987553856,50.710912820367,14.4472376196418,16.6305002630477,0,0,2,1,-0.703485935018641,2.18326264340584,FALSE,TRUE,Q4: most popular
203,Kindred,2,Super Galaxy,2016-05-25,51.0417793855265,48.8940101353503,9.34938488996794,12.8766565453553,4,1,5,2,-2.14776925017617,3.52727165538733,TRUE,TRUE,Q3
102,Shyvana,6,Super Galaxy,2016-05-25,51.4511411125385,49.64,5.12144779986115,4.56527933861463,2,1,0,0,-1.81114111253853,-0.556168461246515,TRUE,FALSE,Q2
36,Dr. Mundo,9,El Macho Mundo,2016-06-01,49.3323662576806,48.2031832266923,4.45932123580386,3.65981932467776,0,0,0,0,-1.12918303098827,-0.799501911126097,FALSE,FALSE,Q2
150,Gnar,4,El León,2016-06-01,49.3510278018808,49.0195451999954,4.12961387460463,4.4064562538643,0,0,1,1,-0.331482601885384,0.27684237925967,FALSE,TRUE,Q2
106,Volibear,5,El Rayo,2016-06-01,53.6556529103441,53.2518199466988,8.14960652530135,13.2442651576039,0,0,2,1,-0.403832963645307,5.09465863230256,FALSE,TRUE,Q3
412,Thresh,5,Dark Star,2016-06-15,48.417357516112,48.3080139147962,22.4416429609933,27.57960955492,1,1,2,1,-0.109343601315828,5.13796659392672,TRUE,TRUE,Q4: most popular
110,Varus,6,Dark Star,2016-06-15,49.4064466872633,49.4260278295924,4.48334664342709,5.79958655955753,0,0,0,0,0.0195811423290522,1.31623991613044,FALSE,FALSE,Q2
267,Nami,7,Deep Sea,2016-06-29,52.5457838180284,52.1414340882644,5.38654639933732,7.31427257894276,0,0,0,0,-0.404349729764064,1.92772617960544,FALSE,FALSE,Q2
114,Fiora,5,Pool Party,2016-07-13,48.2068184576596,49.379542478669,5.07068661835382,7.41705503342522,3,2,0,0,1.17272402100935,2.3463684150714,TRUE,FALSE,Q2
21,Miss Fortune,9,Pool Party,2016-07-13,52.9695446270211,51.594095868885,12.9996906851091,14.2962453746694,0,0,0,0,-1.37544875813609,1.29655468956024,FALSE,FALSE,Q4: most popular
44,Taric,4,Pool Party,2016-07-13,52.2898182553759,51.8438234620311,4.35213885421943,4.44648632459222,0,0,0,0,-0.445994793344788,0.0943474703727922,FALSE,FALSE,Q2
67,Vayne,10,Soulstealer,2016-07-28,48.0737009136245,47.499926774826,29.395474693222,23.5908935439091,1,1,0,0,-0.573774138798484,-5.8045811493129,TRUE,FALSE,Q4: most popular
22,Ashe,8,PROJECT: Ashe,2016-08-01,52.6571786385309,52.5807408207092,18.0029788311688,27.0577895244774,0,0,3,2,-0.0764378178216916,9.05481069330853,FALSE,TRUE,Q4: most popular
245,Ekko,3,PROJECT: Ekko,2016-08-01,49.9691409623069,49.9805478203716,12.0422978949751,17.9494811515656,0,0,1,1,0.0114068580646602,5.90718325659052,FALSE,TRUE,Q4: most popular
55,Katarina,9,PROJECT: Katarina,2016-08-01,50.73853239433,51.2812311167136,10.3415203443849,14.9152446962754,0,0,0,0,0.542698722383662,4.57372435189053,FALSE,FALSE,Q4: most popular
12,Alistar,9,SKT T1,2016-08-17,48.0974154013889,48.4646217767737,9.8480280260678,9.41388301475864,0,0,0,0,0.367206375384818,-0.434145011309157,FALSE,FALSE,Q3
268,Azir,3,SKT T1,2016-08-17,42.068363064006,43.4564145178491,12.0018910942843,3.0960902822483,0,0,0,0,1.38805145384318,-8.90580081203604,FALSE,FALSE,Q4: most popular
60,Elise,4,SKT T1,2016-08-17,50.2521334060184,47.2669479421587,4.46834078280735,9.48232368636719,0,0,0,0,-2.98518546385974,5.01398290355984,FALSE,FALSE,Q2
429,Kalista,3,SKT T1,2016-08-17,45.6535385034722,45.45,2.7741430610887,2.40924024465187,0,0,0,0,-0.203538503472167,-0.364902816436826,FALSE,FALSE,Q1: least popular
58,Renekton,8,SKT T1,2016-08-17,48.4259587842595,50.8300189420091,7.19548763684456,4.57200754206161,2,1,0,0,2.40406015774955,-2.62348009478295,TRUE,FALSE,Q3
103,Ahri,7,Arcade,2016-08-24,53.1244860195349,52.5273548208643,9.62997205731222,12.3324949376439,0,0,0,0,-0.597131198670589,2.70252288033163,FALSE,FALSE,Q3
42,Corki,8,Arcade,2016-08-24,47.7855594330609,48.1011151908026,1.63772902227346,2.03803938676582,2,2,0,0,0.315555757741684,0.40031036449236,TRUE,FALSE,Q1: least popular
81,Ezreal,9,Arcade,2016-08-24,47.7442587565557,48.3818387052161,20.2818384492292,21.9878245940392,1,1,0,0,0.637579948660346,1.70598614481005,TRUE,FALSE,Q4: most popular
84,Akali,8,Sashimi,2016-09-07,49.8000017335877,49.7402492858986,6.31926255640089,6.21091787850416,0,0,0,0,-0.0597524476890641,-0.108344677896725,FALSE,FALSE,Q3
89,Leona,9,Barbecue,2016-09-07,51.9100000712433,52.05358971694,12.5994728304404,11.6964727268026,0,0,0,0,0.143589645696693,-0.903000103637803,FALSE,FALSE,Q4: most popular
2,Olaf,6,Butcher,2016-09-07,50.25999935881,49.8180270059353,5.37632479684794,4.36624108149268,0,0,0,0,-0.441972352874707,-1.01008371535526,FALSE,FALSE,Q2
80,Pantheon,8,Baker,2016-09-07,50.4599995012967,50.5111467151336,6.12688945786896,6.79544622865885,0,0,0,0,0.05114721383692,0.668556770789889,FALSE,FALSE,Q2
92,Riven,7,Reignited Worlds 2012,2016-09-25,48.3424077528008,48.9972096513371,13.8554741224997,16.4559195177388,2,1,0,0,0.654801898536206,2.6004453952391,TRUE,FALSE,Q4: most popular
238,Zed,10,Worlds 2016,2016-09-25,47.3961162920127,47.6139750424892,14.0444349851001,13.4748900413467,0,0,0,0,0.217858750476566,-0.569544943753392,FALSE,FALSE,Q4: most popular
40,Janna,7,Star Guardian,2016-10-05,53.1489457962552,53.813238443527,6.97920134440944,8.82372463686625,0,0,0,0,0.664292647271779,1.84452329245682,FALSE,FALSE,Q3
222,Jinx,4,Star Guardian,2016-10-05,52.1221870899235,52.514204380166,26.5923766235325,26.7000225992907,2,1,0,0,0.392017290242478,0.10764597575816,TRUE,FALSE,Q4: most popular
117,Lulu,6,Star Guardian,2016-10-05,48.3706010492733,49.653238443527,5.06532995539956,4.86109489556815,1,1,0,0,1.28263739425372,-0.204235059831413,TRUE,FALSE,Q2
78,Poppy,7,Star Guardian,2016-10-05,48.3023546553338,48.9014618444776,3.72197940989982,9.31638458151015,2,1,0,0,0.599107189143744,5.59440517161034,TRUE,FALSE,Q2
25,Morgana,11,Bewitching,2016-10-19,50.5888428395332,50.8874162092685,16.3068633683348,17.0776309146745,0,0,0,0,0.29857336973533,0.770767546339762,FALSE,FALSE,Q4: most popular
17,Teemo,14,Little Devil,2016-10-19,51.7825618930221,51.4538963513364,12.813967937959,13.8732281538033,0,0,0,0,-0.328665541685766,1.05926021584429,FALSE,FALSE,Q4: most popular
18,Tristana,11,Bewitching,2016-10-19,48.7281404732555,48.664262512121,9.50374317586613,8.83852942309223,0,0,0,0,-0.0638779611345584,-0.6652137527739,FALSE,FALSE,Q3
57,Maokai,7,Victorious,2016-11-08,51.1254767076977,51.047723143252,2.0938075899111,6.20498839092365,0,0,0,0,-0.0777535644457714,4.11118080101255,FALSE,FALSE,Q1: least popular
120,Hecarim,6,Worldbreaker,2016-11-10,51.1746595257808,53.1672955690968,6.07253621298256,10.3650416260629,1,1,0,0,1.99263604331595,4.29250541308034,TRUE,FALSE,Q2
75,Nasus,10,Worldbreaker,2016-11-10,50.1521219620592,52.0817132688454,6.2771614390905,10.4700429248214,2,1,0,0,1.92959130678621,4.19288148573089,TRUE,FALSE,Q2
111,Nautilus,5,Worldbreaker,2016-11-10,50.8294341434509,51.3471126796493,8.46024333889055,8.87339460253529,0,0,0,0,0.517678536198368,0.413151263644744,FALSE,FALSE,Q3
48,Trundle,5,Worldbreaker,2016-11-10,50.6762156312909,49.1720212349255,4.41012283846436,5.63227279139247,0,0,0,0,-1.50419439636543,1.22214995292811,FALSE,FALSE,Q2
432,Bard,6,Bard Bard,2016-11-17,49.2499788936364,48.3632275126624,6.51718157107917,5.97267558973653,0,0,0,0,-0.886751380974005,-0.544505981342637,FALSE,FALSE,Q3
126,Jayce,4,Jayce Brighthammer,2016-11-17,51.3864129623543,51.1046913582645,9.05769305606276,8.83124151779196,0,0,0,0,-0.281721604089867,-0.226451538270799,FALSE,FALSE,Q3
30,Karthus,9,Karthus Lightsbane,2016-11-17,52.4647355285314,52.8587301568036,2.24479850345086,1.53428344815456,0,0,0,0,0.39399462827221,-0.710515055296294,FALSE,FALSE,Q1: least popular
113,Sejuani,7,Sejuani Dawnchaser,2016-11-17,54.4917618592774,51.6554850084416,3.58578758653617,3.76357439515755,0,0,0,0,-2.83627685083582,0.177786808621378,FALSE,FALSE,Q1: least popular
99,Lux,7,Elementalist,2016-11-28,50.1722993438291,50.5001785984255,14.6326671077444,22.4762017376354,0,0,0,0,0.32787925459639,7.84353462989091,FALSE,FALSE,Q4: most popular
201,Braum,10,Santa,2016-12-14,49.7390845368331,49.2431811024824,9.14993915503493,9.91187110293438,0,0,0,0,-0.495903434350694,0.761931947899452,FALSE,FALSE,Q3
104,Graves,7,Snow Day,2016-12-14,50.2690845368331,49.5947362202421,8.3130996158665,8.03877735911214,0,0,0,0,-0.674348316590987,-0.27432225675436,FALSE,FALSE,Q3
43,Karma,6,Winter Wonder,2016-12-14,49.0245300227756,48.9041653545511,13.2988490270238,10.9355330406002,0,0,2,1,-0.120364668224589,-2.36331598642363,FALSE,TRUE,Q4: most popular
41,Gangplank,8,Dreadnova,2017-01-12,48.2523533087915,49.0183766981992,4.75700200834296,8.78085472054563,0,0,1,1,0.766023389407707,4.02385271220267,FALSE,TRUE,Q2
268,Azir,4,Warring Kingdoms,2017-01-19,43.8901560494984,43.9328118872716,2.31751248760219,2.27502222287426,0,0,0,0,0.0426558377732533,-0.0424902647279337,FALSE,FALSE,Q1: least popular
86,Garen,11,Warring Kingdoms,2017-01-19,51.0228975085437,51.5197116911986,8.86328014870235,9.21296895406966,0,0,0,0,0.496814182654859,0.349688805367316,FALSE,FALSE,Q3
254,Vi,5,Warring Kingdoms,2017-01-19,53.4828975085437,52.5430058821924,12.3682896524034,11.297353741315,0,0,2,1,-0.939891626351312,-1.07093591108841,FALSE,TRUE,Q4: most popular
236,Lucian,7,Heartseeker,2017-02-02,45.4946011495189,47.56,11.5110298409014,10.4824410065983,4,2,1,1,2.06539885048113,-1.02858883430313,TRUE,TRUE,Q4: most popular
133,Quinn,4,Heartseeker,2017-02-02,51.4084574712911,53.6355699487562,3.35351461045292,6.81470398227399,0,0,0,0,2.22711247746508,3.46118937182108,FALSE,FALSE,Q1: least popular
131,Diana,11,Blood Moon,2017-02-09,50.0486161401135,49.791449541798,4.75650126959827,5.3506930684012,0,0,0,0,-0.257166598315486,0.594191798802924,FALSE,FALSE,Q2
202,Jhin,2,Blood Moon,2017-02-09,50.0213316964208,50.1913037167942,18.2770262072502,29.3445940307526,0,0,3,2,0.169972020373436,11.0675678235024,FALSE,TRUE,Q4: most popular
91,Talon,5,Blood Moon,2017-02-09,48.9675626488432,51.6576803460904,4.19141806575931,9.29088323896068,2,1,0,0,2.69011769724717,5.09946517320137,TRUE,FALSE,Q2
4,Twisted Fate,10,Blood Moon,2017-02-09,50.1999304487124,49.9234302274751,6.53872965622829,6.41494767959743,0,0,0,0,-0.276500221237257,-0.123781976630862,FALSE,FALSE,Q3
34,Anivia,7,Festival Queen,2017-02-23,54.3836270569717,54.7890757973785,2.16020770591224,3.38977648305891,1,1,1,1,0.405448740406719,1.22956877714667,TRUE,TRUE,Q1: least popular
5,Xin Zhao,13,Dragonslayer,2017-03-09,51.8274659411009,52.8515064136627,8.29312680701787,12.4540844813556,0,0,0,0,1.02404047256172,4.16095767433777,FALSE,FALSE,Q3
143,Zyra,4,Dragon Sorceress,2017-03-09,51.8159090467573,50.6923637760904,8.99438469989024,7.51027932864301,0,0,0,0,-1.12354527066699,-1.48410537124723,FALSE,FALSE,Q3
12,Alistar,10,Moo Cow,2017-03-29,48.3703899037421,49.920107319569,6.41341832227505,6.81538542062092,0,0,0,0,1.54971741582694,0.401967098345866,FALSE,FALSE,Q3
85,Kennen,7,Super,2017-03-29,48.9533772834197,49.1813816219156,3.72713399952042,4.86253838612704,0,0,0,0,0.228004338495886,1.13540438660662,FALSE,FALSE,Q2
96,Kog'Maw,9,Pug'Maw,2017-03-29,53.7970145026675,53.2581220642562,1.94635982589942,5.6433761344111,0,0,0,0,-0.538892438411239,3.69701630851167,FALSE,FALSE,Q1: least popular
58,Renekton,9,Renektoy,2017-03-29,51.2818835935809,50.5906818676604,6.50840150210758,9.37156827214002,0,0,2,1,-0.691201725920521,2.86316677003243,FALSE,TRUE,Q3
64,Lee Sin,11,God Fist,2017-04-05,48.3971810647482,49.1326634400585,28.7230090248794,34.4559545892653,0,0,2,1,0.735482375310326,5.73294556438597,FALSE,TRUE,Q4: most popular
122,Darius,14,Dreadnova,2017-04-12,50.964249034981,52.43960861968,9.032017341452,11.4997285263054,0,0,0,0,1.47535958469895,2.46771118485342,FALSE,FALSE,Q3
43,Karma,7,Conqueror,2017-04-23,48.3760340762394,50.5657596115831,10.4887748015177,13.1962443895732,0,0,0,0,2.18972553534374,2.70746958805543,FALSE,FALSE,Q4: most popular
11,Master Yi,10,Cosmic Blade,2017-04-26,52.1884987517339,52.7797020085743,15.4912308308956,19.8835238244904,0,0,0,0,0.591203256840366,4.39229299359485,FALSE,FALSE,Q4: most popular
121,Kha'Zix,4,Dark Star,2017-05-03,48.7543274980396,48.9662688413481,9.26127984879118,11.1393317691337,0,0,0,0,0.211941343308489,1.87805192034253,FALSE,FALSE,Q3
61,Orianna,7,Dark Star,2017-05-03,49.9556538001568,50.1608792422032,12.1232284340013,13.7239065624951,2,2,0,0,0.205225442046384,1.60067812849382,TRUE,FALSE,Q4: most popular
51,Caitlyn,11,Pulsefire,2017-05-24,50.9174914539224,51.3527409677401,24.3978137800268,33.5214455393594,1,1,2,1,0.435249513817695,9.12363175933264,TRUE,TRUE,Q4: most popular
23,Tryndamere,9,Chemtech,2017-06-05,54.4743000596783,53.0388250388803,7.65556093102216,10.3978247641961,0,0,0,0,-1.43547502079802,2.74226383317391,FALSE,FALSE,Q3
92,Riven,16,Dawnbringer,2017-06-14,49.741074700819,49.8262427501441,10.8859959889717,14.4943680891032,5,2,0,0,0.085168049325091,3.60837210013147,TRUE,FALSE,Q4: most popular
157,Yasuo,9,Nightbringer,2017-06-14,52.4520876812528,50.8300044614498,16.6474242400642,16.3972730656505,1,1,0,0,-1.62208321980295,-0.250151174413695,TRUE,FALSE,Q4: most popular
245,Ekko,11,SKT T1,2017-06-27,49.5293103339296,49.6193827363636,11.2909448239829,9.89984516425977,1,1,0,0,0.0900724024339326,-1.39109965972318,TRUE,FALSE,Q4: most popular
202,Jhin,3,SKT T1,2017-06-27,46.9661169557439,50.5491122220781,8.22034449094653,20.1482940412812,2,1,0,0,3.58299526633417,11.9279495503346,TRUE,FALSE,Q3
267,Nami,8,SKT T1,2017-06-27,50.8857571162272,50.6914726616883,7.76530788935069,7.41010525946931,0,0,0,0,-0.194284454538902,-0.355202629881378,FALSE,FALSE,Q3
2,Olaf,15,SKT T1,2017-06-27,48.2774662749216,48.6346237396104,4.37743034858637,4.53592316670277,0,0,0,0,0.357157464688854,0.158492818116391,FALSE,FALSE,Q2
134,Syndra,5,SKT T1,2017-06-27,49.5225337250784,47.5128424461039,10.1374297116421,8.39985446427006,0,0,0,0,-2.00969127897454,-1.73757524737205,FALSE,FALSE,Q3
105,Fizz,10,Omega Squad,2017-07-26,49.9172991886864,49.9451073047936,9.19721152268834,9.07027401466548,0,0,0,0,0.0278081161072379,-0.126937508022852,FALSE,FALSE,Q3
18,Tristana,12,Omega Squad,2017-07-26,49.7455419117976,51.3966782851617,9.80310449450223,23.0592596132839,0,0,0,0,1.65113637336408,13.2561551187817,FALSE,FALSE,Q3
29,Twitch,8,Omega Squad,2017-07-26,52.0252683315965,52.1369855101383,14.6039797442371,16.8888316897514,0,0,1,1,0.111717178541852,2.28485194551435,FALSE,TRUE,Q4: most popular
45,Veigar,9,Omega Squad,2017-07-26,50.1231076825456,49.4682318377872,7.42277800632174,9.05846275135081,0,0,0,0,-0.654875844758344,1.63568474502908,FALSE,FALSE,Q3
63,Brand,6,Battle Boss,2017-08-08,52.2289755443141,51.1291793533813,8.021778733632,8.02868189612221,0,0,0,0,-1.09979619093283,0.00690316249020562,FALSE,FALSE,Q3
10,Kayle,9,Pentakill,2017-08-08,52.3825575801563,51.4045700176894,4.13927631474013,3.823497850371,0,0,0,0,-0.977987562466993,-0.315778464369123,FALSE,FALSE,Q2
90,Malzahar,6,Battle Boss,2017-08-08,54.3385006668296,54.0552727103004,5.75532241010187,7.29844641712423,0,0,1,1,-0.283227956529196,1.54312400702236,FALSE,TRUE,Q2
115,Ziggs,6,Battle Boss,2017-08-08,52.6665807021831,51.6730466784596,3.89297359134283,4.32239514772716,1,1,0,0,-0.993534023723534,0.429421556384327,TRUE,FALSE,Q2
120,Hecarim,7,Lancer Zero,2017-08-16,50.3993410436714,49.4071587924354,3.41080122258713,3.78328387432993,0,0,0,0,-0.992182251236031,0.3724826517428,FALSE,FALSE,Q1: least popular
15,Sivir,9,Neo PAX,2017-08-30,51.6674412383273,50.4020806247593,7.53818088171823,6.60522253198396,1,1,2,2,-1.26536061356803,-0.932958349734271,TRUE,TRUE,Q3
103,Ahri,14,Star Guardian,2017-09-06,52.2252026106993,51.0765172361114,12.0570839241646,12.0938925370501,0,0,0,0,-1.1486853745879,0.0368086128854834,FALSE,FALSE,Q4: most popular
81,Ezreal,18,Star Guardian,2017-09-06,45.2711887000431,48.2389841938658,10.2995893434455,19.2973192631396,2,2,0,0,2.96779549382269,8.99772991969408,TRUE,FALSE,Q4: most popular
21,Miss Fortune,15,Star Guardian,2017-09-06,51.9392782621485,51.4292018666089,14.1272998556046,14.02314629498,0,0,0,0,-0.510076395539635,-0.104153560624633,FALSE,FALSE,Q4: most popular
16,Soraka,7,Star Guardian,2017-09-06,53.6232921728047,54.0520316122684,9.43763196331299,15.1171731342223,0,0,0,0,0.428739439463705,5.67954117090932,FALSE,FALSE,Q3
134,Syndra,6,Star Guardian,2017-09-06,47.0311269592501,47.4904353454861,7.10482409903107,6.68553816324958,1,1,0,0,0.459308386235975,-0.419285935781483,TRUE,FALSE,Q3
22,Ashe,9,Worlds 2017,2017-09-12,48.7823356649168,48.7024539134857,11.4040928996549,12.6373575082964,0,0,0,0,-0.0798817514311665,1.23326460864149,FALSE,FALSE,Q4: most popular
69,Cassiopeia,8,Eternum,2017-09-20,47.5225123497157,46.6947750155119,3.3732178277898,3.22545776705518,3,2,0,0,-0.827737334203746,-0.147760060734615,TRUE,FALSE,Q1: least popular
114,Fiora,22,Soaring Sword,2017-09-27,48.9609654240698,50.8949546984931,6.35285516873381,8.24653032828542,2,1,0,0,1.9339892744233,1.89367515955161,TRUE,FALSE,Q3
40,Janna,8,Sacred Sword,2017-09-27,56.1649160166988,54.2436383641437,17.469951817585,17.6803908936538,10,1,2,1,-1.92127765255503,0.210439076068873,TRUE,TRUE,Q4: most popular
11,Master Yi,11,Eternal Sword Yi,2017-09-27,50.0384784744804,49.5287872119521,14.5913821715103,13.826105019804,0,0,0,0,-0.509691262528278,-0.76527715170632,FALSE,FALSE,Q4: most popular
83,Yorick,3,Arclight,2017-10-02,52.7384195988387,52.2196084026582,2.38570470138971,2.78281043415573,0,0,0,0,-0.518811196180486,0.397105732766024,FALSE,FALSE,Q1: least popular
27,Singed,9,Beekeeper,2017-10-11,54.3540160626903,53.4489629695085,3.44327017171623,5.11388536527349,0,0,0,0,-0.90505309318177,1.67061519355726,FALSE,FALSE,Q1: least popular
1,Annie,11,Super Galaxy,2017-10-16,51.0785645683314,50.7466992620793,6.55247357707117,6.54362209020481,0,0,0,0,-0.331865306252169,-0.00885148686635606,FALSE,FALSE,Q3
60,Elise,5,Super Galaxy,2017-10-16,48.786009604336,48.9734327493417,4.1899985332666,3.91228689259443,1,1,0,0,0.187423145005681,-0.277711640672172,TRUE,FALSE,Q2
150,Gnar,13,Super Galaxy,2017-10-16,49.5742582733257,48.8766894834555,6.32062840605885,7.85723924647543,0,0,0,0,-0.697568789870189,1.53661084041658,FALSE,FALSE,Q3
76,Nidalee,9,Super Galaxy,2017-10-16,45.9863255036778,46.210132011421,3.35539882481881,3.98901774252381,1,1,0,0,0.223806507743163,0.633618917705003,TRUE,FALSE,Q1: least popular
55,Katarina,10,Death Sworn,2017-10-25,49.5549921484629,50.1772520318372,8.9246914397508,9.44694027967354,0,0,0,0,0.622259883374291,0.522248839922735,FALSE,FALSE,Q3
112,Viktor,4,Death Sworn,2017-10-25,48.2619605837151,47.8173292626569,2.7543243331603,2.68737281671232,0,0,0,0,-0.444631321058239,-0.0669515164479777,FALSE,FALSE,Q1: least popular
238,Zed,11,Death Sworn,2017-10-25,48.8405511935905,48.863739840814,13.8373201505792,13.0520812277742,0,0,0,0,0.0231886472235061,-0.785238922804926,FALSE,FALSE,Q4: most popular
104,Graves,14,Victorious,2017-11-08,46.6500005019353,47.0926968813437,3.38452571062798,6.93457806189201,6,2,0,0,0.442696379408396,3.55005235126402,TRUE,FALSE,Q1: least popular
19,Warwick,9,Urfwick,2017-11-08,50.8800002911224,51.5092124746254,11.5016608322035,8.27413379847005,2,1,0,0,0.629212183502979,-3.22752703373348,TRUE,FALSE,Q4: most popular
107,Rengar,8,Mecha,2017-11-09,47.561903103026,47.5592906093524,4.38043390029333,8.68458209827881,4,1,0,0,-0.00261249367363803,4.30414819798548,TRUE,FALSE,Q2
53,Blitzcrank,20,Lancer Rogue,2017-11-16,50.3201692005932,52.060125020366,12.7366232555793,14.7780111754727,1,1,0,0,1.73995581977287,2.0413879198934,TRUE,FALSE,Q4: most popular
53,Blitzcrank,21,Lancer Paragon,2017-11-16,50.3201692005932,52.060125020366,12.7366232555793,14.7780111754727,1,1,0,0,1.73995581977287,2.0413879198934,TRUE,FALSE,Q4: most popular
202,Jhin,4,PROJECT: Jhin,2017-11-22,48.3277051553471,48.8102617563182,9.40126475202568,19.5608498769933,2,1,0,0,0.48255660097113,10.1595851249676,TRUE,FALSE,Q3
67,Vayne,11,PROJECT: Vayne,2017-11-22,50.8395440992287,50.1722415617918,25.2074927575364,29.6173623252192,3,1,0,0,-0.667302537436932,4.40986956768274,TRUE,FALSE,Q4: most popular
254,Vi,11,PROJECT: Vi,2017-11-22,51.220364720617,51.3822415617918,5.13643967222081,5.68196588488376,4,2,0,0,0.161876841174731,0.545526212662949,TRUE,FALSE,Q2
96,Kog'Maw,10,Hextech,2017-12-07,50.9756829414233,50.9742769248704,7.28841529974535,3.98207595911754,2,1,0,0,-0.00140601655287043,-3.30633934062781,TRUE,FALSE,Q3
119,Draven,12,Santa,2017-12-12,49.7095199881262,48.7849181992538,6.74044382418918,7.39926763622926,4,1,0,0,-0.924601788872394,0.658823812040082,TRUE,FALSE,Q3
222,Jinx,12,Ambitious Elf,2017-12-12,50.6703396328264,50.1982274624845,15.1297801344819,13.3476144986485,3,2,0,0,-0.472112170341923,-1.78216563583343,TRUE,FALSE,Q4: most popular
78,Poppy,14,Snow Fawn,2017-12-12,47.9206323331963,47.7596310504353,2.52388732931953,3.30122494245559,5,1,0,0,-0.161001282761021,0.777337613136065,TRUE,FALSE,Q1: least popular
24,Jax,13,God Staff,2018-01-11,50.7422086518191,49.9823803862805,12.8140865802275,14.0559331775811,0,0,1,1,-0.759828265538587,1.24184659735352,FALSE,TRUE,Q4: most popular
79,Gragas,10,Arctic Ops,2018-01-25,46.006557599005,45.1922223146134,3.0535778821947,2.95770495351811,0,0,0,0,-0.814335284391639,-0.0958729286765849,FALSE,FALSE,Q1: least popular
99,Lux,8,Lunar Empress,2018-02-08,50.2202370291894,50.1278835662974,14.2874919286716,15.5965782372051,1,1,0,0,-0.0923534628919924,1.30908630853351,TRUE,FALSE,Q4: most popular
75,Nasus,11,Lunar Guardian,2018-02-08,52.9297181967656,51.9084857981254,12.0655168706433,13.161852232102,0,0,0,0,-1.02123239864017,1.09633536145865,FALSE,FALSE,Q4: most popular
19,Warwick,10,Lunar Guardian,2018-02-08,51.8947405837881,52.8165629508095,10.3897642309667,14.3481050318986,1,1,0,0,0.921822367021434,3.9583408009319,TRUE,FALSE,Q4: most popular
497,Rakan,2,Sweetheart,2018-02-12,49.80539557779,48.8490534075362,6.80690698541719,8.29757194652095,0,0,0,0,-0.956342170253834,1.49066496110376,FALSE,FALSE,Q3
498,Xayah,2,Sweetheart,2018-02-12,49.6553534345436,50.3496334316998,11.3378942282279,15.0133893039975,0,0,1,1,0.694279997156244,3.67549507576964,FALSE,TRUE,Q4: most popular
59,Jarvan IV,7,Dark Star,2018-03-01,51.1238097404825,50.3646666382031,12.9942760756206,10.6545967658677,0,0,0,0,-0.759143102279388,-2.33967930975288,FALSE,FALSE,Q4: most popular
420,Illaoi,2,Resistance,2018-03-15,51.6800005445218,51.4797773729723,6.19053512486436,5.80807687488198,1,1,0,0,-0.200223171549474,-0.382458249982382,TRUE,FALSE,Q2
21,Miss Fortune,16,Gun Goddess,2018-03-22,50.9064444021927,52.1054294809074,12.8063384732164,14.5286082947012,1,1,0,0,1.19898507871464,1.72226982148479,TRUE,FALSE,Q4: most popular
12,Alistar,19,Hextech,2018-03-26,51.2635900970144,50.0084715830935,11.7844235975772,10.2402273312622,1,1,0,0,-1.25511851392097,-1.54419626631497,TRUE,FALSE,Q4: most popular
3,Galio,6,Birdio,2018-03-29,49.55623266468,46.172556140535,8.40253159635038,4.76103028490074,0,0,2,2,-3.38367652414499,-3.64150131144964,FALSE,TRUE,Q3
15,Sivir,10,Pizza Delivery,2018-03-29,50.2409142314934,50.543277591648,4.97735526087468,5.4283604032338,0,0,0,0,0.302363360154537,0.451005142359112,FALSE,FALSE,Q2
62,Wukong,6,Lancer Stratus,2018-04-04,50.1957179015764,52.4458065352188,3.88848162676847,5.60221932089744,2,1,0,0,2.25008863364236,1.71373769412897,TRUE,FALSE,Q2
68,Rumble,4,Badlands Baron,2018-04-11,47.3851601442471,48.1905951769194,1.67772212462413,1.96571251808465,1,1,0,0,0.80543503267225,0.287990393460524,TRUE,FALSE,Q1: least popular
110,Varus,7,Conqueror,2018-04-25,50.4711435172595,48.3930280552757,13.5353409090144,9.17624463726751,2,1,3,1,-2.07811546198377,-4.35909627174694,TRUE,TRUE,Q4: most popular
17,Teemo,18,Beemo,2018-05-01,50.0078275674267,49.5393890882623,7.64580107582249,9.6790674145901,0,0,1,1,-0.468438479164426,2.03326633876761,FALSE,TRUE,Q3
28,Evelynn,5,Blood Moon,2018-05-08,49.2202498833636,48.0628195075503,3.96981461920445,4.32334225685445,0,0,0,0,-1.15743037581339,0.353527637650001,FALSE,FALSE,Q2
92,Riven,18,Pulsefire,2018-05-17,47.6044728667908,47.475281628902,8.8938889978387,10.3185411900938,0,0,0,0,-0.129191237888833,1.42465219225515,FALSE,FALSE,Q3
98,Shen,15,Pulsefire,2018-05-17,48.6084718793666,48.438664818127,6.21000465529402,6.74454150038838,0,0,0,0,-0.169807061239538,0.534536845094364,FALSE,FALSE,Q2
4,Twisted Fate,11,Pulsefire,2018-05-17,49.7427496297159,50.179436742196,4.99886834620749,6.22138730760106,2,1,0,0,0.436687112480094,1.22251896139357,TRUE,FALSE,Q2
131,Diana,12,Dark Waters,2018-05-31,50.3246725408417,50.0765763100791,4.79921474090327,5.40522836661582,3,2,0,0,-0.248096230762606,0.606013625712556,TRUE,FALSE,Q2
8,Vladimir,8,Dark Waters,2018-05-31,49.3048816405933,48.1561084279051,7.95001743944478,11.4352881391718,0,0,1,1,-1.14877321268814,3.48527069972705,FALSE,TRUE,Q3
64,Lee Sin,12,Playmaker,2018-06-14,47.3145568657235,48.4386250151515,15.3744031940243,20.6028679704763,10,2,0,0,1.12406814942792,5.22846477645204,TRUE,FALSE,Q4: most popular
33,Rammus,8,Sweeper,2018-06-14,50.4799173929554,49.5874334391497,3.53634286220378,3.07475608140253,0,0,0,0,-0.89248395380578,-0.461586780801242,FALSE,FALSE,Q1: least popular
122,Darius,15,God-King,2018-06-27,50.5376690937627,48.7246944575055,11.2259245414723,16.5775134179744,0,0,0,0,-1.81297463625717,5.35158887650206,FALSE,FALSE,Q4: most popular
86,Garen,13,God-King,2018-06-27,52.26,53.5508053073948,10.3929517168245,17.4496939543157,0,0,0,0,1.29080530739478,7.05674223749113,FALSE,FALSE,Q4: most popular
31,Cho'Gath,7,Dark Star,2018-07-13,48.4387759646156,48.1376192686424,5.06233139876182,4.89492086683529,0,0,0,0,-0.301156695973184,-0.167410531926531,FALSE,FALSE,Q2
81,Ezreal,19,SSG,2018-07-20,47.5043175471579,46.4678277380009,21.565486529242,22.0624119597047,0,0,0,0,-1.03648980915701,0.496925430462731,FALSE,FALSE,Q4: most popular
150,Gnar,14,SSG,2018-07-20,47.1645982438381,46.7980361800012,3.07918274086981,4.69453293610698,0,0,0,0,-0.366562063836895,1.61535019523717,FALSE,FALSE,Q1: least popular
59,Jarvan IV,8,SSG,2018-07-20,48.8988043759433,50.3793746739992,6.46441396816504,6.80414690154728,3,1,0,0,1.48057029805591,0.339732933382233,TRUE,FALSE,Q3
497,Rakan,3,SSG,2018-07-20,50.048785087085,49.592737287998,7.71149006753124,10.6733371956384,0,0,2,1,-0.456047799087024,2.9618471281072,FALSE,TRUE,Q3
163,Taliyah,2,SSG,2018-07-20,49.4676451705546,49.7356227179943,4.95758796721117,3.56360788291471,0,0,3,1,0.267977547439678,-1.39398008429646,FALSE,TRUE,Q2
498,Xayah,3,SSG,2018-07-20,47.6550653519555,48.0519638199989,5.26682342209651,8.78656256090912,0,0,0,0,0.396898468043368,3.51973913881261,FALSE,FALSE,Q2
78,Poppy,15,Hextech,2018-07-23,49.5521395646672,49.8352084435752,3.72079387497399,4.6499735919675,3,1,0,0,0.283068878908004,0.929179716993508,TRUE,FALSE,Q2
51,Caitlyn,13,Pool Party,2018-08-02,46.1202041134601,48.12,7.69153126671495,13.5578583478953,3,1,0,0,1.99979588653986,5.86632708118031,TRUE,FALSE,Q3
41,Gangplank,14,Pool Party,2018-08-02,48.3579588653986,47.8280561491695,3.82360658058393,6.28868475770194,0,0,0,0,-0.529902716229067,2.46507817711801,FALSE,FALSE,Q2
142,Zoe,2,Pool Party,2018-08-02,47.73198281647,47.6624659495206,7.10158097955829,7.64668688923509,0,0,3,1,-0.0695168669493995,0.545105909676797,FALSE,TRUE,Q3
136,Aurelion Sol,2,Mecha,2018-08-16,51.1333346184421,51.729824498216,0.967550398096698,1.15841818640051,0,0,0,0,0.596489879773877,0.190867788303809,FALSE,FALSE,Q1: least popular
22,Ashe,11,Cosmic Queen,2018-08-21,48.2578568485244,48.708871982088,6.75345517430781,7.9483330056023,0,0,0,0,0.451015133563573,1.19487783129449,FALSE,FALSE,Q3
117,Lulu,14,Cosmic Enchantress,2018-08-21,48.3488989444263,48.4469925195959,8.03473791260183,8.72478928210165,0,0,0,0,0.098093575169564,0.690051369499821,FALSE,FALSE,Q3
5,Xin Zhao,20,Cosmic Defender,2018-08-21,48.6539284242622,49.1524812989897,7.60252829556822,8.08182943960537,0,0,0,0,0.498552874727459,0.479301144037152,FALSE,FALSE,Q3
201,Braum,11,Crime City,2018-08-23,49.4,50.0007019203954,5.79521795482905,7.90235244499164,0,0,1,1,0.600701920395359,2.10713449016259,FALSE,TRUE,Q2
236,Lucian,8,High Noon,2018-08-30,48.9045540682119,49.5599992620541,14.2501620295617,19.0137801702516,0,0,0,0,0.655445193842184,4.76361814068984,FALSE,FALSE,Q4: most popular
412,Thresh,6,High Noon,2018-08-30,48.2977678119807,49.3600003030849,13.4805083468549,18.6291982983468,2,1,0,0,1.06223249110419,5.14868995149186,TRUE,FALSE,Q4: most popular
6,Urgot,9,High Noon,2018-08-30,50.8190184442504,50.7699999472896,3.3988580708621,6.7029425230698,0,0,0,0,-0.0490184969608407,3.3040844522077,FALSE,FALSE,Q1: least popular
39,Irelia,6,Divine Sword,2018-09-04,46.5263656307222,50.0965690365776,6.64071045629653,13.7507385099229,5,2,0,0,3.57020340585539,7.11002805362636,TRUE,FALSE,Q3
91,Talon,12,Enduring Sword,2018-09-04,49.6017263472146,48.6494142194655,8.43773348058412,6.58670864447474,0,0,0,0,-0.952312127749103,-1.85102483610939,FALSE,FALSE,Q3
222,Jinx,13,Odyssey,2018-09-12,52.5552080566787,51.7304505429997,18.2213245981247,17.091046254261,0,0,0,0,-0.824757513678982,-1.1302783438637,FALSE,FALSE,Q4: most popular
141,Kayn,2,Odyssey,2018-09-12,50.2264579590359,50.3145431674284,9.78167598068195,13.9685497140497,2,1,0,0,0.0880852083925063,4.18687373336771,TRUE,FALSE,Q3
54,Malphite,16,Odyssey,2018-09-12,50.121875244107,50.0448873642501,11.0960768897912,11.1365761663414,0,0,0,0,-0.0769878798569508,0.0404992765502428,FALSE,FALSE,Q4: most popular
37,Sona,9,Odyssey,2018-09-12,52.6643750488214,52.6999405373391,5.75661387249005,5.62190770788807,0,0,0,0,0.0355654885177117,-0.134706164601989,FALSE,FALSE,Q2
157,Yasuo,10,Odyssey,2018-09-12,49.3160441891058,49.8979005146966,22.3123443384546,21.325689760828,1,1,0,0,0.581856325590799,-0.986654577626648,TRUE,FALSE,Q4: most popular
115,Ziggs,7,Odyssey,2018-09-12,51.1572925291781,51.46,3.22575946137155,3.2646452359983,0,0,0,0,0.302707470821872,0.0388857746267597,FALSE,FALSE,Q1: least popular
121,Kha'Zix,11,Worlds 2018,2018-09-27,48.4139460949388,49.7832624736636,7.01854100294722,11.3496699280538,3,1,0,0,1.36931637872485,4.33112892510657,TRUE,FALSE,Q3
74,Heimerdinger,6,Dragon Trainer,2018-10-11,50.7132917606495,50.7850005090524,2.95661561957722,4.11971467555586,0,0,0,0,0.0717087484029406,1.16309905597864,FALSE,FALSE,Q1: least popular
32,Amumu,17,Infernal,2018-10-16,52.4332385539437,52.4215134868654,3.91632789147504,4.863595859006,0,0,0,0,-0.0117250670783378,0.947267967530964,FALSE,FALSE,Q2
90,Malzahar,7,Hextech,2018-10-18,52.3023431221381,52.1543620938415,5.28663389134163,5.71951575686258,0,0,0,0,-0.147981028296577,0.432881865520954,FALSE,FALSE,Q2
245,Ekko,12,Trick or Treat,2018-10-24,50.4392810086531,50.3847182805239,8.24534751324622,8.8955255327668,0,0,0,0,-0.0545627281292056,0.650178019520578,FALSE,FALSE,Q3
40,Janna,13,Bewitching,2018-10-24,50.7551474452951,51.084540165014,5.50835793557262,5.64603536581495,1,1,0,0,0.329392719718946,0.137677430242325,TRUE,FALSE,Q2
240,Kled,2,Count Kledula,2018-10-24,52.293029489059,51.9247182805239,2.66913374118434,2.57433622982936,0,0,0,0,-0.368311208535168,-0.0947975113549813,FALSE,FALSE,Q1: least popular
103,Ahri,15,K/DA Ahri,2018-11-03,52.8758909607081,52.811189124215,12.6673252092214,12.1943659899187,0,0,0,0,-0.0647018364931498,-0.472959219302629,FALSE,FALSE,Q4: most popular
84,Akali,9,K/DA Akali,2018-11-03,45.5890957438112,44.7771434811316,8.27221004139472,10.6215632533135,0,0,5,3,-0.811952262679611,2.34935321191883,FALSE,TRUE,Q3
28,Evelynn,6,K/DA Evelynn,2018-11-03,49.7810638346575,47.7551777134441,4.67471540339033,4.71697168838684,0,0,0,0,-2.02588612121333,0.0422562849965011,FALSE,FALSE,Q2
145,Kai'Sa,14,K/DA Kai'Sa,2018-11-03,49.6620212727692,48.623334789307,21.133344242296,24.5746028842479,0,0,0,0,-1.03868648346219,3.44125864195193,FALSE,FALSE,Q4: most popular
145,Kai'Sa,15,Prestige K/DA Kai'Sa,2018-11-03,49.6620212727692,48.623334789307,21.133344242296,24.5746028842479,0,0,0,0,-1.03868648346219,3.44125864195193,FALSE,FALSE,Q4: most popular
9,Fiddlesticks,9,Praetorian,2018-11-08,50.0812848471554,50.3985118748414,3.71682329572477,4.93476686854054,0,0,0,0,0.317227027685952,1.21794357281577,FALSE,FALSE,Q1: least popular
104,Graves,18,Praetorian,2018-11-08,51.2053764484069,50.9219050012691,16.3114549221567,11.5585023038206,0,0,0,0,-0.283471447137828,-4.7529526183361,FALSE,FALSE,Q4: most popular
7,LeBlanc,12,Program,2018-11-15,49.2071427006768,48.9290849044393,9.76762483824234,9.01175547692274,0,0,1,1,-0.27805779623754,-0.755869361319594,FALSE,TRUE,Q3
267,Nami,9,Program,2018-11-15,52.1242859911103,51.9701389596594,9.41923513294693,6.86252097860613,0,0,0,0,-0.154147031450876,-2.5567141543408,FALSE,FALSE,Q3
117,Lulu,15,Pajama Guardian,2018-11-21,48.8757139293015,49.3378332495568,8.17044318495885,6.51179633963981,0,0,0,0,0.462119320255397,-1.65864684531904,FALSE,FALSE,Q3
99,Lux,14,Pajama Guardian,2018-11-21,51.0228575403945,51.4822233392422,17.2855687590588,20.6602945257964,0,0,0,0,0.459365798847628,3.37472576673764,FALSE,FALSE,Q4: most popular
21,Miss Fortune,17,Pajama Guardian,2018-11-21,52.4300008636157,51.6080287970585,17.5226593745116,17.4428066993558,0,0,0,0,-0.821972066557265,-0.0798526751558164,FALSE,FALSE,Q4: most popular
61,Orianna,8,Victorious,2018-11-21,49.3300005757438,49.0742769120873,5.87517002395327,7.31291920359285,0,0,0,0,-0.255723663656504,1.43774917963957,FALSE,FALSE,Q2
16,Soraka,8,Pajama Guardian,2018-11-21,50.6885716616106,50.7458054578163,6.54703829365001,7.27791403365955,0,0,0,0,0.057233796205729,0.730875740009535,FALSE,FALSE,Q3
164,Camille,2,Coven,2018-11-27,49.3184565932139,48.7963067367256,9.27714597173279,9.49908239914788,0,0,1,1,-0.522149856488248,0.221936427415086,FALSE,TRUE,Q3
89,Leona,10,Solar Eclipse,2018-11-27,50.9156972730687,50.4628059682535,11.5189861242909,11.3022825730419,0,0,0,0,-0.452891304815196,-0.216703551249003,FALSE,FALSE,Q4: most popular
89,Leona,11,Lunar Eclipse,2018-11-27,50.9156972730687,50.4628059682535,11.5189861242909,11.3022825730419,0,0,0,0,-0.452891304815196,-0.216703551249003,FALSE,FALSE,Q4: most popular
127,Lissandra,4,Coven,2018-11-27,50.6972406798549,50.9261945440612,5.36004675621716,5.2704486748823,4,1,0,0,0.228953864206332,-0.0895980813348567,TRUE,FALSE,Q2
84,Akali,13,Prestige K/DA Akali,2018-12-06,45.2536212043072,43.9406381371272,10.9416554031159,9.02334991746799,0,0,1,1,-1.31298306717999,-1.9183054856479,FALSE,TRUE,Q4: most popular
36,Dr. Mundo,10,Frozen Prince Mundo,2018-12-06,49.530355580871,48.2582501380787,3.69524722133417,3.55019143523421,0,0,0,0,-1.27210544279227,-0.14505578609996,FALSE,FALSE,Q1: least popular
11,Master Yi,17,Snow Man Yi,2018-12-06,50.6864985490736,51.2506948279963,14.0969583944906,16.4945420569782,1,1,0,0,0.564196278922694,2.39758366248764,TRUE,FALSE,Q4: most popular
16,Soraka,9,Winter Wonder,2018-12-06,50.5146589283927,51.4695264123331,6.38299624014788,7.8106945936322,0,0,0,0,0.954867483940362,1.42769835348432,FALSE,FALSE,Q3
29,Twitch,12,Ice King,2018-12-06,50.5786647320982,50.6739166206404,7.12241429519105,7.9979198747342,0,0,0,0,0.0952518885422577,0.875505579543156,FALSE,FALSE,Q3
58,Renekton,17,Hextech,2018-12-20,49.7729474917765,49.4974173475195,5.52300204181134,7.65566590273511,0,0,0,0,-0.275530144257004,2.13266386092377,FALSE,FALSE,Q2
266,Aatrox,7,Blood Moon,2019-01-10,48.4621379354143,48.2140555335278,8.97444503154749,9.42707161086089,0,0,5,2,-0.248082401886528,0.452626579313396,FALSE,TRUE,Q3
266,Aatrox,8,Prestige Blood Moon,2019-01-10,48.4621379354143,48.2140555335278,8.97444503154749,9.42707161086089,0,0,5,2,-0.248082401886528,0.452626579313396,FALSE,TRUE,Q3
555,Pyke,9,Blood Moon,2019-01-10,49.897557377119,48.6240507472607,15.734660012193,13.3962498595686,0,0,0,0,-1.27350662985826,-2.33841015262434,FALSE,FALSE,Q4: most popular
15,Sivir,16,Blood Moon,2019-01-10,50.5749171362885,52.6488823874361,5.95922273682957,8.1285719841545,2,1,1,1,2.07396525114761,2.16934924732494,TRUE,TRUE,Q2
113,Sejuani,8,Firecracker,2019-01-28,45.0646958441838,49.6749409241062,1.15667442269539,6.32523901017584,10,1,0,0,4.61024507992237,5.16856458748045,TRUE,FALSE,Q1: least popular
223,Tahm Kench,3,Coin Emperor,2019-01-28,45.418610389596,45.2092603960455,2.78719441232194,3.09242466080202,0,0,0,0,-0.209349993550447,0.305230248480084,FALSE,FALSE,Q1: least popular
67,Vayne,12,Firecracker,2019-01-28,49.3364446753293,50.7436980197724,17.7063507314457,23.6903654410597,1,1,0,0,1.40725334444313,5.98401470961401,TRUE,FALSE,Q4: most popular
67,Vayne,13,Prestige Firecracker,2019-01-28,49.3364446753293,50.7436980197724,17.7063507314457,23.6903654410597,1,1,0,0,1.40725334444313,5.98401470961401,TRUE,FALSE,Q4: most popular
114,Fiora,23,Heartpiercer,2019-02-11,49.5553898369012,47.9657773414677,6.81521542613672,6.22329665629988,1,1,0,0,-1.5896124954335,-0.591918769836836,TRUE,FALSE,Q3
254,Vi,12,Heartbreaker,2019-02-11,51.4235556580434,52.0361108384173,4.27929775058161,6.3024484551531,1,1,7,1,0.612555180373931,2.02315070457149,TRUE,TRUE,Q2
34,Anivia,8,Papercraft,2019-02-21,51.4199166262121,51.7020008854014,2.38225115219678,2.73703140152737,0,0,0,0,0.282084259189283,0.35478024933059,FALSE,FALSE,Q1: least popular
20,Nunu & Willump,8,Papercraft,2019-02-21,48.8098610436869,52.9116118243512,2.28960725536096,4.29752242574009,0,0,2,1,4.10175078066426,2.00791517037914,FALSE,TRUE,Q1: least popular
103,Ahri,16,Prestige K/DA Ahri,2019-03-07,52.6729328268756,52.5125698751347,10.9658255217781,11.1472395258114,0,0,0,0,-0.160362951740851,0.181414004033332,FALSE,FALSE,Q4: most popular
63,Brand,7,Arclight,2019-03-07,51.5743597105589,51.0114809704005,10.0230020016903,8.67149947395114,0,0,0,0,-0.562878740158467,-1.35150252773912,FALSE,FALSE,Q3
42,Corki,18,Corgi,2019-03-27,50.4251397751438,50.7482810340932,2.47113485308013,4.12798023054268,0,0,0,0,0.32314125894937,1.65684537746255,FALSE,FALSE,Q1: least popular
105,Fizz,14,Fuzz,2019-03-27,51.1074448262158,51.0489058613677,7.81383015263406,8.22186311816591,0,0,0,0,-0.0585389648481183,0.40803296553185,FALSE,FALSE,Q3
105,Fizz,15,Prestige Fuzz,2019-03-27,51.1074448262158,51.0489058613677,7.81383015263406,8.22186311816591,0,0,0,0,-0.0585389648481183,0.40803296553185,FALSE,FALSE,Q3
107,Rengar,15,Pretty Kitty,2019-03-27,47.6940559100575,47.0397917242418,5.95907597881229,6.68707401215696,0,0,0,0,-0.654264185815691,0.727998033344679,FALSE,FALSE,Q2
83,Yorick,4,Meowrick,2019-03-27,54.8834722903957,53.1723437931814,8.63208163561671,3.93791852994986,1,1,0,0,-1.7111284972143,-4.69416310566685,TRUE,FALSE,Q3
427,Ivern,2,Dunkmaster,2019-04-04,50.5561676467157,49.4265621192931,1.46281168549873,1.1440247207933,2,1,0,0,-1.12960552742265,-0.31878696470543,TRUE,FALSE,Q1: least popular
59,Jarvan IV,9,Hextech,2019-04-04,52.3127775264832,52.1175006091311,12.7365115791862,17.9112850197596,0,0,5,1,-0.195276917352075,5.17477344057335,FALSE,TRUE,Q4: most popular
28,Evelynn,7,Prestige K/DA Evelynn,2019-04-18,49.0415645298195,48.681333071144,4.09964668496432,4.25285982724793,0,0,0,0,-0.360231458675564,0.15321314228361,FALSE,FALSE,Q2
238,Zed,13,Galaxy Slayer,2019-04-18,51.1311724197167,49.7021113514514,14.5381898097838,15.1029431684982,0,0,0,0,-1.4290610682653,0.564753358714365,FALSE,FALSE,Q4: most popular
164,Camille,10,iG,2019-04-23,48.1631755441076,48.3525693658066,2.81140839950053,2.73109428298436,1,1,0,0,0.189393821698964,-0.0803141165161652,TRUE,FALSE,Q1: least popular
114,Fiora,31,iG,2019-04-23,47.7708639175749,49.37,5.04142936099332,5.99059485479773,3,1,1,1,1.59913608242511,0.94916549380441,TRUE,TRUE,Q2
39,Irelia,15,iG,2019-04-23,46.9082721648502,47.2406144135625,12.0851690631756,13.0139812901632,0,0,0,0,0.33234224871223,0.928812226987517,FALSE,FALSE,Q4: most popular
145,Kai'Sa,16,iG,2019-04-23,47.9172978235695,48.7006144135625,17.969767868257,23.6842130360063,0,0,0,0,0.783316589992936,5.7144451677493,FALSE,FALSE,Q4: most popular
7,LeBlanc,19,iG,2019-04-23,46.665932932391,46.6712288271249,7.89175344643077,6.88182480554479,0,0,0,0,0.00529589473386238,-1.00992864088598,FALSE,FALSE,Q3
497,Rakan,4,iG,2019-04-23,47.37052857953,50.0348035969428,4.21604968468939,4.29831680508432,0,0,2,1,2.66427501741271,0.0822671203949348,FALSE,TRUE,Q2
12,Alistar,20,Conqueror,2019-04-30,48.0048465299557,47.9219549768484,6.28690763515685,5.10785032568179,1,1,0,0,-0.0828915531073093,-1.17905730947505,TRUE,FALSE,Q3
81,Ezreal,21,Battle Academia,2019-05-15,47.1327082800171,47.6829849846652,22.6284640551615,30.9851573035884,0,0,0,0,0.550276704648084,8.35669324842689,FALSE,FALSE,Q4: most popular
104,Graves,25,Battle Professor,2019-05-15,49.1812509596927,49.2837909907991,3.99040260542494,4.66699432519913,1,1,0,0,0.102540031106379,0.676591719774189,TRUE,FALSE,Q2
126,Jayce,5,Battle Academia,2019-05-15,48.6381248400512,47.6203279263927,4.94622372896929,5.54458296689132,0,0,2,1,-1.01779691365849,0.598359237922028,FALSE,TRUE,Q2
55,Katarina,12,Battle Academia,2019-05-15,50.5049471302518,50.1808060061339,7.21666505829559,7.75955697129402,0,0,0,0,-0.32414112411788,0.542891912998427,FALSE,FALSE,Q3
99,Lux,15,Battle Academia,2019-05-15,52.0030203801451,52.8134455595988,19.9498136612892,26.2785075391669,0,0,0,0,0.810425179453723,6.32869387787776,FALSE,FALSE,Q4: most popular
99,Lux,16,Prestige Battle Academia,2019-05-15,52.0030203801451,52.8134455595988,19.9498136612892,26.2785075391669,0,0,0,0,0.810425179453723,6.32869387787776,FALSE,FALSE,Q4: most popular
18,Tristana,24,Little Demon,2019-05-30,48.7945003041853,49.0901570856373,9.83460876881946,10.3500449005596,0,0,1,1,0.295656781452024,0.515436131740175,FALSE,TRUE,Q3
202,Jhin,5,Dark Cosmic,2019-06-13,49.8282120117159,50.2628646260299,13.7001953172846,14.7461623354802,1,1,0,0,0.434652614313997,1.04596701819565,TRUE,FALSE,Q4: most popular
43,Karma,8,Dark Star,2019-06-13,49.0207260814507,50.8093970719614,5.73851990813341,12.8188986344043,3,1,1,1,1.78867099051072,7.08037872627093,TRUE,TRUE,Q2
35,Shaco,8,Dark Star,2019-06-13,49.5687148256628,50.191231514547,4.3967042569943,4.92219790141378,3,2,1,1,0.622516688884126,0.525493644419483,TRUE,TRUE,Q2
51,Caitlyn,19,Arcade,2019-06-28,48.6248272843999,49.6685564565908,14.4794526367438,19.2914616702695,1,1,0,0,1.04372917219089,4.8120090335257,TRUE,FALSE,Q4: most popular
51,Caitlyn,20,Prestige Arcade,2019-06-28,48.6248272843999,49.6685564565908,14.4794526367438,19.2914616702695,1,1,0,0,1.04372917219089,4.8120090335257,TRUE,FALSE,Q4: most popular
145,Kai'Sa,17,Arcade,2019-06-28,48.8201151437334,48.8292432936738,24.4058733513798,20.4789031566328,0,0,0,0,0.00912814994038769,-3.92697019474699,FALSE,FALSE,Q4: most popular
157,Yasuo,17,Battle Boss,2019-06-28,48.5789637063992,49.0007916409478,19.1594235975987,22.6755497971567,0,0,0,0,0.421827934548546,3.51612619955798,FALSE,FALSE,Q4: most popular
86,Garen,14,Demacia Vice,2019-07-18,52.1044752189075,52.4099534685067,9.50982673728851,11.1527418406913,0,0,0,0,0.305478249599226,1.64291510340282,FALSE,FALSE,Q3
236,Lucian,9,Demacia Vice,2019-07-18,47.1893530382961,47.58996510138,10.3711944915427,13.5987553085936,3,2,0,0,0.400612063083941,3.22756081705091,TRUE,FALSE,Q4: most popular
84,Akali,14,PROJECT: Akali,2019-08-01,42.8808215686458,47.151972068497,7.84583099908743,15.8043756651348,10,1,4,1,4.27115049985122,7.95854466604739,TRUE,TRUE,Q3
39,Irelia,16,PROJECT: Irelia,2019-08-01,45.7071328773353,45.7413030742051,10.6450808401286,10.1332049815948,0,0,0,0,0.0341701968697734,-0.511875858533811,FALSE,FALSE,Q4: most popular
39,Irelia,17,Prestige PROJECT: Irelia,2019-08-01,45.7071328773353,45.7413030742051,10.6450808401286,10.1332049815948,0,0,0,0,0.0341701968697734,-0.511875858533811,FALSE,FALSE,Q4: most popular
222,Jinx,20,PROJECT: Jinx,2019-08-01,53.4063113086895,53.4826061484101,18.1719478968316,21.8288651022756,0,0,0,0,0.0762948397205818,3.65691720544398,FALSE,FALSE,Q4: most popular
555,Pyke,16,PROJECT: Pyke,2019-08-01,48.9531465572769,51.3365851997828,12.458909712925,16.4002159158247,5,2,0,0,2.38343864250592,3.94130620289964,TRUE,FALSE,Q4: most popular
19,Warwick,16,PROJECT: Warwick,2019-08-01,50.6084965800146,50.4007388230495,5.08392140831412,6.47930158941739,0,0,0,0,-0.207757756965101,1.39538018110327,FALSE,FALSE,Q2
33,Rammus,16,Hextech,2019-08-15,51.218636310225,50.6502097078589,4.4626888348456,4.08889728772399,0,0,0,0,-0.568426602366131,-0.373791547121614,FALSE,FALSE,Q2
77,Udyr,5,Dragon Oracle,2019-08-15,51.4335839058125,51.348188737073,3.1001466329683,2.77059540329099,0,0,0,0,-0.0853951687395025,-0.329551229677313,FALSE,FALSE,Q1: least popular
103,Ahri,17,Elderwood,2019-08-29,52.4226364167958,52.0040511543454,9.21508335577654,10.2651883709895,0,0,0,0,-0.418585262450463,1.05010501521292,FALSE,FALSE,Q3
56,Nocturne,7,Old God,2019-08-29,50.1720209422183,52.128067430728,3.38500246457217,5.94238387111309,5,1,0,0,1.95604648850969,2.55738140654093,TRUE,FALSE,Q1: least popular
45,Veigar,13,Elderwood,2019-08-29,50.9333915061619,50.7100697559255,9.54412526383079,9.1269703418881,0,0,0,0,-0.223321750236401,-0.417154921942684,FALSE,FALSE,Q3
3,Galio,13,Infernal,2019-09-05,45.8031355426406,50.1126802858244,1.47599508243807,3.65009632022603,7,2,0,0,4.30954474318377,2.17410123778796,TRUE,FALSE,Q1: least popular
98,Shen,16,Infernal,2019-09-05,50.0096230342091,50.2114360442609,4.63088179639585,6.53021790165259,2,1,0,0,0.201813010051808,1.89933610525674,TRUE,FALSE,Q2
110,Varus,9,Infernal,2019-09-05,47.7766969170079,47.7559185431324,5.73059698320893,5.3313409972077,0,0,1,1,-0.020778373875487,-0.399255986001228,FALSE,TRUE,Q2
518,Neeko,10,Star Guardian,2019-09-12,50.4559720702995,49.7321802494545,5.30394804353029,5.78671126041729,1,1,1,1,-0.723791820844937,0.482763216886992,TRUE,TRUE,Q2
518,Neeko,11,Prestige Star Guardian,2019-09-12,50.4559720702995,49.7321802494545,5.30394804353029,5.78671126041729,1,1,1,1,-0.723791820844937,0.482763216886992,TRUE,TRUE,Q2
497,Rakan,5,Star Guardian,2019-09-12,51.0080325846507,49.7715581981089,5.57680195571954,8.5481723964249,0,0,0,0,-1.23647438654171,2.97137044070536,FALSE,FALSE,Q2
498,Xayah,4,Star Guardian,2019-09-12,51.2880442220259,49.5664360498909,8.221700998353,11.9667968918012,0,0,0,0,-1.72160817213498,3.74509589344823,FALSE,FALSE,Q3
142,Zoe,9,Star Guardian,2019-09-12,48.0359022460481,48.0636686485817,3.01980669613892,4.40432620705692,1,1,0,0,0.0277664025336577,1.384519510918,TRUE,FALSE,Q1: least popular
32,Amumu,23,Hextech,2019-09-26,52.4655127217762,51.9314535226238,5.49298953616878,4.86615245718588,0,0,0,0,-0.534059199152445,-0.626837078982895,FALSE,FALSE,Q2
25,Morgana,17,Majestic Empress,2019-09-26,50.7127388879878,50.4164011251139,15.1852135827858,15.202907537426,0,0,0,0,-0.296337762873947,0.0176939546401513,FALSE,FALSE,Q4: most popular
267,Nami,15,Splendid Staff,2019-09-26,52.4754428301751,52.1364360567871,6.88376000863996,7.1435941526791,0,0,0,0,-0.339006773387965,0.259834144039138,FALSE,FALSE,Q3
92,Riven,20,Valiant Sword,2019-09-26,46.9628437253895,46.6292383070149,6.91760153830637,8.12102527647682,1,1,0,0,-0.333605418374631,1.20342373817045,TRUE,FALSE,Q3
92,Riven,22,Prestige Valiant Sword,2019-09-26,46.9628437253895,46.6292383070149,6.91760153830637,8.12102527647682,1,1,0,0,-0.333605418374631,1.20342373817045,TRUE,FALSE,Q3
13,Ryze,11,Worlds 2019,2019-09-26,47.9379720433596,47.6864709884604,5.77534879517932,7.924820170286,1,1,0,0,-0.251501054899173,2.14947137510668,TRUE,FALSE,Q2
22,Ashe,17,High Noon,2019-10-10,50.7166573623704,53.6031069667235,10.2241413809066,22.3168351049947,3,1,1,1,2.88644960435302,12.0926937240881,TRUE,TRUE,Q4: most popular
122,Darius,16,High Noon,2019-10-10,50.1366364277039,49.3134465166383,10.9775579491382,11.6870171595481,0,0,1,1,-0.823189911065605,0.709459210409879,FALSE,TRUE,Q4: most popular
120,Hecarim,8,High Noon,2019-10-10,51.1966154930374,50.5731850802044,5.43126861637976,5.95594741482329,0,0,0,0,-0.623430412832953,0.524678798443532,FALSE,FALSE,Q2
53,Blitzcrank,22,Witch's Brew,2019-10-24,52.3749366929222,52.1990071078759,14.9158053928787,12.9496584159652,3,1,1,1,-0.17592958504639,-1.9661469769135,TRUE,TRUE,Q4: most popular
38,Kassadin,6,Count,2019-10-24,50.0064609711282,49.8378781312552,5.06521056115031,3.51097923569919,0,0,0,0,-0.168582839873068,-1.55423132545112,FALSE,FALSE,Q2
21,Miss Fortune,18,Bewitching,2019-10-24,50.8108264385208,51.9710826029518,10.5080258195458,15.5655810631858,0,0,0,0,1.16025616443094,5.05755524363996,FALSE,FALSE,Q4: most popular
21,Miss Fortune,20,Prestige Bewitching,2019-10-24,50.8108264385208,51.9710826029518,10.5080258195458,15.5655810631858,0,0,0,0,1.16025616443094,5.05755524363996,FALSE,FALSE,Q4: most popular
1,Annie,12,Annie-Versary,2019-10-27,49.9723734836164,49.6222796314079,3.10211632409064,3.82156474775504,2,1,0,0,-0.350093852208531,0.719448423664398,TRUE,FALSE,Q1: least popular
84,Akali,15,True Damage,2019-11-10,44.7343106668391,46.2622237484695,11.3488544989602,15.3198568006886,0,0,2,1,1.52791308163041,3.97100230172832,FALSE,TRUE,Q4: most popular
245,Ekko,19,True Damage,2019-11-10,52.1228097330058,52.3224084766516,14.956040919434,16.3290950235398,0,0,0,0,0.199598743645794,1.37305410410577,FALSE,FALSE,Q4: most popular
246,Qiyana,2,True Damage,2019-11-10,44.0461434696321,44.1208860795487,4.09438501482571,7.69943775706541,1,1,0,0,0.074742609916548,3.6050527422397,TRUE,FALSE,Q2
246,Qiyana,10,Prestige True Damage,2019-11-10,44.0461434696321,44.1208860795487,4.09438501482571,7.69943775706541,1,1,0,0,0.074742609916548,3.6050527422397,TRUE,FALSE,Q2
157,Yasuo,18,True Damage,2019-11-10,49.9415009338333,49.9023913774559,21.8943804886594,24.117809319372,0,0,0,0,-0.03910955637744,2.22342883071253,FALSE,FALSE,Q4: most popular
266,Aatrox,9,Victorious,2019-11-21,46.740094716074,46.0496003588607,6.15061145234391,8.96372034552949,0,0,0,0,-0.690494357213346,2.81310889318559,FALSE,FALSE,Q2
412,Thresh,13,Pulsefire,2019-11-21,49.0036400789187,49.2701806277971,19.2907235290736,19.5429058539586,0,0,0,0,0.266540548878389,0.252182324884984,FALSE,FALSE,Q4: most popular
412,Thresh,14,Prestige Pulsefire,2019-11-21,49.0036400789187,49.2701806277971,19.2907235290736,19.5429058539586,0,0,0,0,0.266540548878389,0.252182324884984,FALSE,FALSE,Q4: most popular
43,Karma,19,Dawnbringer,2019-12-12,47.8901505279334,48.3805068590498,3.85644748703751,4.68641468546002,1,1,0,0,0.490356331116338,0.829967198422517,TRUE,FALSE,Q2
64,Lee Sin,27,Nightbringer,2019-12-12,47.9996989441332,48.1756774006674,27.7536790302195,27.0553068498538,0,0,0,0,0.175978456534267,-0.698372180365691,FALSE,FALSE,Q4: most popular
64,Lee Sin,28,Prestige Nightbringer,2019-12-12,47.9996989441332,48.1756774006674,27.7536790302195,27.0553068498538,0,0,0,0,0.175978456534267,-0.698372180365691,FALSE,FALSE,Q4: most popular
76,Nidalee,11,Dawnbringer,2019-12-12,48.4919141773648,46.0605344883522,4.06824227654544,4.80616347824723,0,0,0,0,-2.43137968901262,0.737921201701788,FALSE,FALSE,Q2
16,Soraka,15,Dawnbringer,2019-12-12,51.5878207141563,52.7809032008899,4.75165510301343,10.0166996953202,0,0,0,0,1.19308248673363,5.26504459230677,FALSE,FALSE,Q2
16,Soraka,16,Nightbringer,2019-12-12,51.5878207141563,52.7809032008899,4.75165510301343,10.0166996953202,0,0,0,0,1.19308248673363,5.26504459230677,FALSE,FALSE,Q2
50,Swain,11,Hextech,2019-12-12,52.6359784315673,52.42,5.46719022150036,6.3968949426938,0,0,0,0,-0.215978431567251,0.929704721193444,FALSE,FALSE,Q2
8,Vladimir,14,Nightbringer,2019-12-12,48.603684565178,49.1991244284125,9.2971547781456,9.65688383427272,0,0,0,0,0.595439863234525,0.359729056127124,FALSE,FALSE,Q3
201,Braum,24,Sugar Rush,2019-12-17,46.4526064557658,48.4673161288355,2.90461111787385,3.79101769025659,11,1,0,0,2.01470967306967,0.886406572382742,TRUE,FALSE,Q1: least popular
28,Evelynn,8,Sugar Rush,2019-12-17,48.6874965790069,48.0325806450879,3.85337325592485,3.72709406389515,0,0,0,0,-0.654915933919064,-0.126279192029706,FALSE,FALSE,Q2
115,Ziggs,14,Sugar Rush,2019-12-17,50.2205030991428,49.8960645160703,1.7962173174324,1.82436703962223,0,0,0,0,-0.324438583072507,0.0281497221898268,FALSE,FALSE,Q1: least popular
26,Zilean,6,Sugar Rush,2019-12-17,51.7538839249555,51.88178064527,2.26098322538289,3.15515999712284,0,0,0,0,0.127896720314432,0.894176771739953,FALSE,FALSE,Q1: least popular
517,Sylas,8,Freljord,2020-01-10,43.9632518493058,48.5328020394681,2.94424547605125,6.75839892227197,22,2,1,1,4.56955019016236,3.81415344622071,TRUE,TRUE,Q1: least popular
119,Draven,13,Mecha Kingdoms,2020-01-15,48.8704515232294,48.5360783325669,5.05833914653506,5.52678232942196,0,0,0,0,-0.334373190662475,0.468443182886902,FALSE,FALSE,Q2
86,Garen,22,Mecha Kingdoms,2020-01-15,50.1411430557063,50.2077419175662,11.198003718136,12.2487360274651,1,1,0,0,0.0665988618598519,1.0507323093291,TRUE,FALSE,Q4: most popular
86,Garen,23,Prestige Mecha Kingdoms,2020-01-15,50.1411430557063,50.2077419175662,11.198003718136,12.2487360274651,1,1,0,0,0.0665988618598519,1.0507323093291,TRUE,FALSE,Q4: most popular
24,Jax,14,Mecha Kingdoms,2020-01-15,50.7370413529542,49.5135529782419,11.0669074330759,13.1061633270816,1,1,0,0,-1.22348837471225,2.03925589400574,TRUE,FALSE,Q4: most popular
89,Leona,12,Mecha Kingdoms,2020-01-15,51.5204515232294,51.4566728300015,12.6121871002492,16.8042722654893,0,0,2,1,-0.0637786932279454,4.19208516524004,FALSE,TRUE,Q4: most popular
40,Janna,20,Guardian of the Sands,2020-01-22,52.9543272983534,51.5661290468593,4.59146964931194,4.22549050268222,0,0,0,0,-1.38819825149416,-0.365979146629726,FALSE,FALSE,Q2
107,Rengar,23,Guardian of the Sands,2020-01-22,48.1409124831083,48.5671151977782,5.70993476790567,5.10464332059763,0,0,1,1,0.426202714669955,-0.605291447308044,FALSE,TRUE,Q2
13,Ryze,13,Guardian of the Sands,2020-01-22,46.0279585736911,45.6454930754595,11.2225223872177,6.60558393966996,0,0,0,0,-0.382465498231589,-4.61693844754769,FALSE,FALSE,Q4: most popular
2,Olaf,16,Dragonslayer,2020-01-30,49.8847612902668,49.9651244463143,8.62104080823393,7.20107482158578,0,0,0,0,0.0803631560474827,-1.41996598664815,FALSE,FALSE,Q3
48,Trundle,6,Dragonslayer,2020-01-30,48.9769419354457,51.9947741875308,2.38480073842152,4.24696663708654,2,1,0,0,3.01783225208509,1.86216589866502,TRUE,FALSE,Q1: least popular
222,Jinx,29,Heartseeker,2020-02-04,51.4921806339135,51.2749954227644,14.1088281295615,14.20141725644,1,1,0,0,-0.217185211149037,0.092589126878531,TRUE,FALSE,Q4: most popular
235,Senna,9,Prestige True Damage,2020-02-04,49.4489978288414,50.9831888920913,15.1622987614577,17.9530093116404,0,0,2,1,1.53419106324996,2.79071055018274,FALSE,TRUE,Q4: most popular
350,Yuumi,11,Heartseeker,2020-02-04,45.8952088589757,48.4502349708053,3.40379963130491,7.09561601698187,0,0,2,1,2.55502611182961,3.69181638567695,FALSE,TRUE,Q1: least popular
55,Katarina,21,Blood Moon,2020-02-20,50.6881750465646,50.3865462433599,8.71131619217691,8.8195006727041,1,1,0,0,-0.301628803204679,0.108184480527195,TRUE,FALSE,Q3
11,Master Yi,24,Blood Moon,2020-02-20,51.5581843575383,51.3670881482405,13.5471683564361,14.255472249019,1,1,0,0,-0.191096209297811,0.708303892582833,TRUE,FALSE,Q4: most popular
23,Tryndamere,10,Blood Moon,2020-02-20,49.351806331488,49.1561849734395,6.25593555547768,6.01647381094366,0,0,0,0,-0.195621358048498,-0.239461744534017,FALSE,FALSE,Q2
12,Alistar,22,Blackfrost,2020-03-05,48.8965852640982,50.4007189504733,3.26459791954776,4.04976156710355,2,1,0,0,1.5041336863751,0.785163647555792,TRUE,FALSE,Q1: least popular
421,Rek'Sai,9,Blackfrost,2020-03-05,49.8075068994356,48.8527094618293,3.22278827757024,2.77437216390352,0,0,1,1,-0.954797437606267,-0.448416113666722,FALSE,TRUE,Q1: least popular
58,Renekton,18,Blackfrost,2020-03-05,48.6629539182331,49.006036840694,7.60238414348516,8.54876345451674,0,0,0,0,0.34308292246083,0.946379311031579,FALSE,FALSE,Q3
113,Sejuani,15,Hextech,2020-03-05,48.4950413966133,50.228018420347,2.83007973557278,3.75785722767046,1,1,0,0,1.73297702373373,0.927777492097681,TRUE,FALSE,Q1: least popular
91,Talon,20,Talon Blackwood,2020-03-19,47.7544980177405,48.6806063906508,7.32110750123186,5.24187022639305,2,1,2,1,0.926108372910299,-2.07923727483881,TRUE,TRUE,Q3
44,Taric,9,Taric Luminshield,2020-03-19,54.0636405247596,53.1642156055647,2.8552266742602,3.39477911604837,0,0,0,0,-0.899424919194885,0.539552441788167,FALSE,FALSE,Q1: least popular
29,Twitch,27,Twitch Shadowfoot,2020-03-19,49.5977143732452,49.3695957395662,3.47150709235883,4.07434633598012,0,0,0,0,-0.228118633679067,0.602839243621295,FALSE,FALSE,Q1: least popular
99,Lux,17,Dark Cosmic,2020-03-26,49.6940042660625,49.8236287501664,17.0397399862076,19.3261556669921,3,1,0,0,0.129624484103857,2.28641568078453,TRUE,FALSE,Q4: most popular
99,Lux,18,Cosmic,2020-03-26,49.6940042660625,49.8236287501664,17.0397399862076,19.3261556669921,3,1,0,0,0.129624484103857,2.28641568078453,TRUE,FALSE,Q4: most popular
54,Malphite,23,Dark Star,2020-03-26,50.7467140867158,50.3757292391738,9.95029747197782,10.1850494869715,0,0,0,0,-0.370984847541983,0.234752014993667,FALSE,FALSE,Q3
54,Malphite,24,Prestige Dark Star,2020-03-26,50.7467140867158,50.3757292391738,9.95029747197782,10.1850494869715,0,0,0,0,-0.370984847541983,0.234752014993667,FALSE,FALSE,Q3
82,Mordekaiser,6,Dark Star,2020-03-26,50.0310881943238,50.1714235869421,13.2652060414114,12.5581867527541,2,2,1,1,0.140335392618212,-0.707019288657268,TRUE,TRUE,Q4: most popular
101,Xerath,5,Dark Star,2020-03-26,50.1287268849034,51.2136287501664,5.06576109714178,5.84375052813243,3,1,0,0,1.08490186526298,0.777989430990654,TRUE,FALSE,Q2
18,Tristana,33,Pengu Cosplay,2020-04-01,48.6105505533113,48.6398105450821,7.56180203740532,9.74882185757516,1,1,0,0,0.0292599917707648,2.18701982016984,TRUE,FALSE,Q3
6,Urgot,15,Pajama Guardian Cosplay,2020-04-01,50.6719053648879,51.4390626967218,2.92255074633402,4.62230754130721,2,1,0,0,0.767157331833865,1.6997567949732,TRUE,FALSE,Q1: least popular
45,Veigar,23,Furyhorn Cosplay,2020-04-01,50.2011784843734,50.7649177366804,7.54916628790994,8.87389795882603,4,1,0,0,0.563739252306988,1.32473167091609,TRUE,FALSE,Q3
90,Malzahar,9,Worldbreaker,2020-04-09,51.4712643679159,51.8142358394202,4.24027246138171,4.04990783774026,0,0,0,0,0.342971471504278,-0.190364623641451,FALSE,FALSE,Q2
57,Maokai,16,Worldbreaker,2020-04-09,52.669819376012,52.5278297116811,4.81729616831519,7.91330883037387,0,0,2,1,-0.141989664330936,3.09601266205868,FALSE,TRUE,Q2
14,Sion,14,Worldbreaker,2020-04-09,51.9484044881062,51.344270751826,2.10903906743887,2.49354665420088,1,1,0,0,-0.604133736280126,0.384507586762008,TRUE,FALSE,Q1: least popular
7,LeBlanc,20,Coven,2020-04-16,47.4215482506938,47.2713537100231,6.74495112196867,6.83250694657956,0,0,0,0,-0.150194540670746,0.087555824610889,FALSE,FALSE,Q3
25,Morgana,26,Coven,2020-04-16,49.5152907374729,49.8086113546544,13.4600855466191,14.4251422981585,3,1,0,0,0.293320617181422,0.965056751539382,TRUE,FALSE,Q4: most popular
143,Zyra,5,Coven,2020-04-16,51.3192258746531,51.6584366780416,4.26312104518125,5.07843615060408,1,1,0,0,0.339210803388475,0.815315105422831,TRUE,FALSE,Q2
143,Zyra,6,Prestige Coven,2020-04-16,51.3192258746531,51.6584366780416,4.26312104518125,5.07843615060408,1,1,0,0,0.339210803388475,0.815315105422831,TRUE,FALSE,Q2
41,Gangplank,21,FPX,2020-04-30,46.896494770305,46.5139021469693,2.54592016561739,3.09828325049833,0,0,1,1,-0.382592623335711,0.552363084880932,FALSE,TRUE,Q1: least popular
64,Lee Sin,29,FPX,2020-04-30,47.5422884946709,47.5647039440117,17.4137632202643,16.8952232703256,1,1,0,0,0.0224154493407696,-0.518539949938649,TRUE,FALSE,Q4: most popular
54,Malphite,25,FPX,2020-04-30,50.390701045939,50.5219510734846,10.377784589313,10.5497696729123,0,0,0,0,0.131250027545626,0.171985083599306,FALSE,FALSE,Q4: most popular
412,Thresh,15,FPX,2020-04-30,48.5874536607865,48.6566899650073,16.7104288942114,16.9218524487404,1,1,0,0,0.0692363042207944,0.211423554528952,TRUE,FALSE,Q4: most popular
67,Vayne,15,FPX,2020-04-30,50.6304432013965,50.7780139790044,16.2967485842105,16.8338940221688,0,0,0,0,0.147570777607925,0.537145437958298,FALSE,FALSE,Q4: most popular
245,Ekko,28,Pulsefire,2020-05-14,51.1671677844472,50.9450374370658,15.2846942664832,15.7056685908225,0,0,0,0,-0.222130347381366,0.420974324339317,FALSE,FALSE,Q4: most popular
114,Fiora,41,Pulsefire,2020-05-14,50.3542657724423,50.4200049916088,7.31729456092967,7.63587432348499,1,1,0,0,0.0657392191665167,0.318579762555315,TRUE,FALSE,Q3
236,Lucian,18,Pulsefire,2020-05-14,48.2972375808993,47.5251821937203,15.1478329448036,16.3071818578968,0,0,0,0,-0.772055387178995,1.1593489130932,FALSE,FALSE,Q4: most popular
236,Lucian,19,Prestige Pulsefire,2020-05-14,48.2972375808993,47.5251821937203,15.1478329448036,16.3071818578968,0,0,0,0,-0.772055387178995,1.1593489130932,FALSE,FALSE,Q4: most popular
80,Pantheon,16,Pulsefire,2020-05-14,47.4801221437912,47.2398352769104,5.35988234105087,5.62839735056255,0,0,0,0,-0.240286866880801,0.268515009511679,FALSE,FALSE,Q2
432,Bard,8,Astronaut,2020-05-28,50.8387410826211,50.9618044672882,3.76975394361719,4.6314481582316,0,0,0,0,0.123063384667041,0.861694214614414,FALSE,FALSE,Q2
150,Gnar,15,Astronaut,2020-05-28,48.9984965811966,48.9260768164225,2.9581408213085,3.17063241241815,2,1,0,0,-0.072419764774061,0.21249159110965,TRUE,FALSE,Q1: least popular
78,Poppy,16,Astronaut,2020-05-28,49.0628671225071,49.3574194608374,3.07556855264089,3.80275804048461,0,0,0,0,0.294552338330234,0.727189487843721,FALSE,FALSE,Q1: least popular
56,Nocturne,16,Hextech,2020-06-11,50.5059790303731,50.8853677681406,5.33821578257117,6.52936448882871,0,0,0,0,0.379388737767584,1.19114870625754,FALSE,FALSE,Q2
39,Irelia,18,High Noon,2020-06-18,46.0465734857526,46.1043006784264,10.0578953277684,9.48495205759024,1,1,0,0,0.0577271926738234,-0.572943270178204,TRUE,FALSE,Q3
235,Senna,10,High Noon,2020-06-18,49.4286643371438,49.9034442333753,8.26152986102489,14.3111720075629,2,1,0,0,0.474779896231453,6.04964214653804,TRUE,FALSE,Q3
74,Heimerdinger,15,Pool Party,2020-07-02,50.3601222951384,50.3513706138756,2.40017967687542,2.59263175942315,0,0,0,0,-0.0087516812627868,0.192452082547731,FALSE,FALSE,Q1: least popular
59,Jarvan IV,11,Pool Party,2020-07-02,49.9314310672477,49.2380489307117,5.38626754616217,4.04749186186445,0,0,0,0,-0.693382136536002,-1.33877568429772,FALSE,FALSE,Q2
61,Orianna,11,Pool Party,2020-07-02,50.2985514620182,49.7294544950957,4.61121303633809,5.27737770257085,0,0,0,0,-0.569096966922537,0.666164666232763,FALSE,FALSE,Q2
134,Syndra,7,Pool Party,2020-07-02,49.4703843561492,48.6838322375598,8.2387623953265,5.85768564990964,0,0,2,2,-0.786552118589391,-2.38107674541685,FALSE,TRUE,Q3
163,Taliyah,3,Pool Party,2020-07-02,48.495741739725,48.5358881583732,0.81523632214498,1.06647789191719,0,0,0,0,0.0401464186482627,0.251241569772211,FALSE,FALSE,Q1: least popular
96,Kog'Maw,19,Arcanist,2020-07-09,51.8933449745669,50.8999091443242,1.78098744623818,3.27636917057446,4,2,0,0,-0.993435830242689,1.49538172433628,TRUE,FALSE,Q1: least popular
111,Nautilus,6,Conqueror,2020-07-09,50.0500209542205,50.0634078815801,11.9201155363115,11.7755203887917,0,0,1,1,0.0133869273596758,-0.144595147519802,FALSE,TRUE,Q4: most popular
35,Shaco,15,Arcanist,2020-07-09,50.726745827055,50.4332750925155,6.03186602502685,6.48284322777881,0,0,0,0,-0.293470734539497,0.450977202751959,FALSE,FALSE,Q2
142,Zoe,18,Arcanist,2020-07-09,47.3233449745669,47.1468926410397,3.75188790572766,4.96274764436028,1,1,0,0,-0.176452333527173,1.21085973863262,TRUE,FALSE,Q2
142,Zoe,19,Prestige Arcanist,2020-07-09,47.3233449745669,47.1468926410397,3.75188790572766,4.96274764436028,1,1,0,0,-0.176452333527173,1.21085973863262,TRUE,FALSE,Q2
30,Karthus,10,Infernal,2020-07-16,47.2800116328977,51.1780675296923,1.55140064361596,4.66242645119926,6,1,1,1,3.89805589679459,3.1110258075833,TRUE,TRUE,Q1: least popular
85,Kennen,8,Infernal,2020-07-16,48.5320604910679,49.1359254844775,1.59437985304293,2.37880655485129,0,0,0,0,0.603864993409594,0.784426701808358,FALSE,FALSE,Q1: least popular
161,Vel'Koz,4,Infernal,2020-07-16,52.1240511847498,51.8460419149814,5.58791247299231,5.17171698698873,0,0,0,0,-0.278009269768361,-0.416195486003579,FALSE,FALSE,Q2
17,Teemo,25,Spirit Blossom,2020-07-22,50.5705622453799,50.8085614472617,7.92780510910447,9.57117483618807,0,0,0,0,0.237999201881721,1.6433697270836,FALSE,FALSE,Q3
17,Teemo,27,Prestige Spirit Blossom,2020-07-22,50.5705622453799,50.8085614472617,7.92780510910447,9.57117483618807,0,0,0,0,0.237999201881721,1.6433697270836,FALSE,FALSE,Q3
412,Thresh,17,Spirit Blossom,2020-07-22,48.6707018233918,48.0772276982759,16.3545058326866,17.1448281274274,0,0,0,0,-0.593474125115861,0.7903222947408,FALSE,FALSE,Q4: most popular
67,Vayne,14,Spirit Blossom,2020-07-22,50.5328770825731,49.867929507353,15.9862011243526,16.0373593410204,0,0,0,0,-0.664947575220126,0.0511582166677709,FALSE,FALSE,Q4: most popular
157,Yasuo,36,Spirit Blossom,2020-07-22,50.2643854128656,49.4964210854463,19.5485537892056,23.2347509471418,1,1,0,0,-0.767964327419371,3.68619715793623,TRUE,FALSE,Q4: most popular
103,Ahri,27,Spirit Blossom,2020-08-06,51.1174404469572,51.0607272564383,6.80222667679301,8.51149507500658,0,0,4,1,-0.0567131905189058,1.70926839821357,FALSE,TRUE,Q3
69,Cassiopeia,9,Spirit Blossom,2020-08-06,50.508685295123,50.1353636282191,4.99121498808547,4.19077324263588,0,0,0,0,-0.373321666903848,-0.800441745449588,FALSE,FALSE,Q2
203,Kindred,3,Spirit Blossom,2020-08-06,47.9172658051792,47.9292377879243,2.30883679489139,3.71657811241965,0,0,0,0,0.0119719827451092,1.40774131752825,FALSE,FALSE,Q1: least popular
92,Riven,23,Spirit Blossom,2020-08-06,48.0138393295643,48.4426643362908,3.961106993407,5.39448239664484,1,1,0,0,0.428825006726591,1.43337540323784,TRUE,FALSE,Q2
81,Ezreal,22,PsyOps,2020-09-03,47.598661250049,47.6656169472527,26.4316980902617,24.3710048380871,0,0,0,0,0.0669556972036389,-2.06069325217459,FALSE,FALSE,Q4: most popular
81,Ezreal,23,Prestige PsyOps,2020-09-03,47.598661250049,47.6656169472527,26.4316980902617,24.3710048380871,0,0,0,0,0.0669556972036389,-2.06069325217459,FALSE,FALSE,Q4: most popular
11,Master Yi,33,PsyOps,2020-09-03,50.4328172222004,50.5585215114116,10.1687137156064,10.4821742932725,0,0,0,0,0.125704289211178,0.313460577666062,FALSE,FALSE,Q3
98,Shen,22,PsyOps,2020-09-03,52.0871653125123,51.0899650579881,8.72776045429004,10.5717619198886,0,0,0,0,-0.997200254524117,1.84400146559853,FALSE,FALSE,Q3
37,Sona,17,PsyOps,2020-09-03,53.743736805256,51.4342432846999,4.66491084259386,4.38673109463281,0,0,0,0,-2.30949352055612,-0.278179747961046,FALSE,FALSE,Q2
254,Vi,20,PsyOps,2020-09-03,52.6000349305746,52.9256693602705,5.83087015796251,6.41731443502512,0,0,0,0,0.325634429695846,0.586444277062612,FALSE,FALSE,Q2
115,Ziggs,23,Hextech,2020-09-03,49.4840861110022,50.4856518892645,2.56931571196119,2.87130166551656,2,1,0,0,1.00156577826233,0.301985953555369,TRUE,FALSE,Q1: least popular
10,Kayle,15,PsyOps,2020-09-17,50.4581258818504,51.8043306488942,2.96002870876199,4.82544200058605,3,1,0,0,1.34620476704372,1.86541329182406,TRUE,FALSE,Q1: least popular
555,Pyke,25,PsyOps,2020-09-17,48.4812610678266,48.6870604770274,9.93695262292259,10.3935399867094,1,1,0,0,0.205799409200793,0.456587363786854,TRUE,FALSE,Q3
112,Viktor,5,PsyOps,2020-09-17,50.6161118949782,50.6486263486484,1.75468833154642,2.07929788772971,0,0,0,0,0.0325144536702453,0.32460955618329,FALSE,FALSE,Q1: least popular
238,Zed,15,PsyOps,2020-09-17,51.4706829846843,51.3827473027032,13.504800214675,13.561918215347,0,0,1,1,-0.0879356819811221,0.0571180006719629,FALSE,TRUE,Q4: most popular
7,LeBlanc,29,Worlds 2020,2020-09-24,46.7261140941461,46.686356175463,4.86435996991564,4.64400664717199,0,0,0,0,-0.0397579186830654,-0.220353322743654,FALSE,FALSE,Q2
157,Yasuo,35,Prestige True Damage,2020-09-25,49.8132308983771,50.03287711421,21.0224210547764,18.5575752456207,0,0,0,0,0.219646215832853,-2.46484580915576,FALSE,FALSE,Q4: most popular
22,Ashe,23,Fae Dragon,2020-10-01,51.3982512466406,50.658531059891,24.2713025415559,22.182520575769,1,1,1,1,-0.739720186749658,-2.08878196578691,TRUE,TRUE,Q4: most popular
136,Aurelion Sol,11,Storm Dragon,2020-10-01,50.3505596542086,49.1182955759216,0.764541469221814,1.01765445005965,0,0,0,0,-1.23226407828705,0.253112980837839,FALSE,FALSE,Q1: least popular
63,Brand,8,Eternal Dragon,2020-10-01,51.717272848031,51.9558757604361,6.45067224586316,7.16894118275399,0,0,4,2,0.238602912405177,0.718268936890833,FALSE,TRUE,Q3
64,Lee Sin,31,Storm Dragon,2020-10-01,46.2666085077221,46.2838416588006,12.8755871997011,15.6655947380871,0,0,0,0,0.0172331510785213,2.79000753838602,FALSE,FALSE,Q4: most popular
875,Sett,8,Obsidian Dragon,2020-10-01,49.2854543039381,49.1500470967939,13.9521704786425,16.536114356773,2,1,0,0,-0.135407207144198,2.58394387813056,TRUE,FALSE,Q4: most popular
875,Sett,9,Prestige Obsidian Dragon,2020-10-01,49.2854543039381,49.1500470967939,13.9521704786425,16.536114356773,2,1,0,0,-0.135407207144198,2.58394387813056,TRUE,FALSE,Q4: most popular
266,Aatrox,11,Odyssey,2020-10-15,48.2300093175587,48.2764125595568,3.38403322562756,3.7993207765637,1,1,0,0,0.0464032419980498,0.415287550936147,TRUE,FALSE,Q1: least popular
43,Karma,26,Odyssey,2020-10-15,47.3300163057277,48.2577330072875,4.3446451363902,4.0933144528448,2,1,0,0,0.92771670155976,-0.251330683545396,TRUE,FALSE,Q2
38,Kassadin,14,Hextech,2020-10-15,50.1499184713614,50.0955839917324,4.77336045346944,4.46516887338792,0,0,0,0,-0.0543344796289631,-0.30819158008152,FALSE,FALSE,Q2
121,Kha'Zix,60,Odyssey,2020-10-15,50.7999813648826,51.0295770943107,8.2973939957486,8.10060917414062,0,0,0,0,0.229595729428098,-0.196784821607988,FALSE,FALSE,Q3
15,Sivir,25,Odyssey,2020-10-15,49.9699580709858,50.4064125595568,2.93861436229797,2.69553362495769,1,1,0,0,0.436454488570917,-0.243080737340281,TRUE,FALSE,Q1: least popular
4,Twisted Fate,13,Odyssey,2020-10-15,47.7597810373705,45.6321490155551,3.34299852742788,5.63022656926879,0,0,0,0,-2.12763202181542,2.28722804184092,FALSE,FALSE,Q1: least popular
32,Amumu,24,Pumpkin Prince,2020-10-22,52.1498302676024,54.0205170434027,5.4548538930358,7.01680898629525,1,1,10,3,1.87068677580029,1.56195509325945,TRUE,TRUE,Q2
60,Elise,6,Bewitching,2020-10-22,50.7200199685174,49.7476724115934,3.90619863551327,3.43800405507138,0,0,0,0,-0.972347556923999,-0.468194580441891,FALSE,FALSE,Q2
105,Fizz,16,Little Devil,2020-10-22,51.6600049921293,52.2186493893583,6.5449953779352,6.7210948587025,0,0,1,1,0.558644397228932,0.1760994807673,FALSE,TRUE,Q3
103,Ahri,28,K/DA ALL OUT Ahri,2020-10-29,51.2496679849151,50.8298172585694,8.20214790206055,7.341979269528,0,0,0,0,-0.419850726345686,-0.86016863253255,FALSE,FALSE,Q3
84,Akali,32,K/DA ALL OUT Akali,2020-10-29,46.7003469932091,46.4888116790976,13.7140854672491,14.7304048785879,1,1,0,0,-0.211535314111472,1.01631941133879,TRUE,FALSE,Q4: most popular
28,Evelynn,15,K/DA ALL OUT Evelynn,2020-10-29,47.8401797374896,47.3440730965723,6.69087135615098,5.97774789136919,1,1,1,1,-0.49610664091734,-0.713123464781793,TRUE,TRUE,Q3
145,Kai'Sa,26,K/DA ALL OUT Kai'Sa,2020-10-29,48.7300199708322,49.2929502554393,11.6879403600501,14.6946185586638,0,0,0,0,0.562930284607155,3.00667819861363,FALSE,FALSE,Q4: most popular
145,Kai'Sa,27,Prestige K/DA ALL OUT Kai'Sa,2020-10-29,48.7300199708322,49.2929502554393,11.6879403600501,14.6946185586638,0,0,0,0,0.562930284607155,3.00667819861363,FALSE,FALSE,Q4: most popular
236,Lucian,25,Victorious,2020-11-11,47.831468514446,47.941187695664,19.0347749491181,21.5173117420527,0,0,0,0,0.109719181217997,2.48253679293457,FALSE,FALSE,Q4: most popular
126,Jayce,15,Resistance,2020-11-12,46.950089872023,49.7933471702199,2.60081447276357,3.00880039413352,0,0,0,0,2.84325729819688,0.40798592136995,FALSE,FALSE,Q1: least popular
75,Nasus,16,Battlecast,2020-11-12,51.39,49.0705895960262,5.75453088148169,4.93957328126799,2,2,0,0,-2.31941040397383,-0.814957600213696,TRUE,FALSE,Q2
27,Singed,10,Resistance,2020-11-12,52.1198701848557,48.3079650851955,2.05692125476751,2.29111941858731,0,0,0,0,-3.8119050996602,0.234198163819802,FALSE,FALSE,Q1: least popular
83,Yorick,12,Resistance,2020-11-12,51.9299975035549,51.7636926257037,2.24388396967501,1.8496789271551,1,1,0,0,-0.166304877851267,-0.394205042519909,TRUE,FALSE,Q1: least popular
154,Zac,7,Battlecast,2020-11-12,51.9899650497688,50.4954016095004,5.75113230618881,5.65396235895469,0,0,0,0,-1.49456344026846,-0.0971699472341188,FALSE,FALSE,Q2
34,Anivia,17,Cosmic Flight,2020-11-24,50.347175253866,52.0423251665383,1.50058180921706,4.50229366477959,1,1,7,1,1.69514991267231,3.00171185556253,TRUE,TRUE,Q1: least popular
120,Hecarim,14,Cosmic Charger,2020-11-24,51.8585624821134,50.7087891886495,10.0099281891413,9.03854957269234,1,1,0,0,-1.14977329346383,-0.971378616448975,TRUE,FALSE,Q3
420,Illaoi,10,Cosmic Invoker,2020-11-24,51.3398045355412,50.2773191313612,3.53791615534663,3.94304778688275,1,1,0,0,-1.06248540418006,0.405131631536121,TRUE,FALSE,Q1: least popular
127,Lissandra,12,Dark Cosmic,2020-11-24,49.3980643324484,50.002112136956,1.75404985577643,1.68408375490504,0,0,0,0,0.604047804507552,-0.0699661008713988,FALSE,FALSE,Q1: least popular
267,Nami,24,Cosmic Destiny,2020-11-24,51.6021311320103,52.3464178057557,4.32359003822094,4.54617968879733,0,0,0,0,0.744286673745322,0.222589650576388,FALSE,FALSE,Q2
76,Nidalee,18,Cosmic Huntress,2020-11-24,45.4362169086082,44.25165193179,5.22783791164253,2.93979453141479,0,0,0,0,-1.18456497681821,-2.28804338022774,FALSE,FALSE,Q2
72,Skarner,5,Cosmic Sting,2020-11-24,52.8507818578351,52.8914429256592,1.28440756767692,1.38667818527252,1,1,0,0,0.0406610678241037,0.102270617595601,TRUE,FALSE,Q1: least popular
16,Soraka,17,Prestige Star Guardian,2020-11-24,51.45,49.4235821942444,5.70760250891823,4.40223259381771,0,0,0,0,-2.02641780575564,-1.30536991510052,FALSE,FALSE,Q2
110,Varus,17,Cosmic Hunter,2020-11-24,46.6763241293556,47.3522166400215,2.14816977022942,3.38126840143467,3,1,0,0,0.675892510665804,1.23309863120526,TRUE,FALSE,Q1: least popular
8,Vladimir,21,Cosmic Devourer,2020-11-24,49.3170870101546,47.7516750399678,6.31918981278697,4.90931329980275,0,0,0,0,-1.5654119701868,-1.40987651298421,FALSE,FALSE,Q3
268,Azir,5,Elderwood,2020-12-10,44.4252395969606,44.180880475722,1.55317347974617,1.51388482994731,0,0,1,1,-0.244359121238524,-0.0392886497988636,FALSE,TRUE,Q1: least popular
131,Diana,25,Battle Queen,2020-12-10,50.9649201343465,51.4851249324868,5.08355891348458,6.22284950655757,0,0,1,1,0.520204798140334,1.13929059307298,FALSE,TRUE,Q2
131,Diana,26,Prestige Battle Queen,2020-12-10,50.9649201343465,51.4851249324868,5.08355891348458,6.22284950655757,0,0,1,1,0.520204798140334,1.13929059307298,FALSE,TRUE,Q2
427,Ivern,11,Old God,2020-12-10,48.5989246125626,51.9094386157561,1.03972309905893,2.46339713325286,4,1,4,2,3.3105140031935,1.42367403419393,TRUE,TRUE,Q1: least popular
40,Janna,27,Battle Queen,2020-12-10,52.8562193506587,52.0566782044174,3.95523494633105,4.27916111764476,0,0,0,0,-0.799541146241253,0.323926171313713,FALSE,FALSE,Q2
55,Katarina,29,Battle Queen,2020-12-10,48.7421619704151,49.4206727962086,5.59483924578694,12.342948152666,4,1,1,1,0.678510825793453,6.7481089068791,TRUE,TRUE,Q2
516,Ornn,2,Elderwood,2020-12-10,49.85,50.5585505678262,5.76360985997906,6.1239408383365,8,1,2,1,0.708550567826151,0.360330978357436,TRUE,TRUE,Q2
246,Qiyana,11,Battle Queen,2020-12-10,44.5128222614992,43.731906976661,2.4830853035873,2.10044914888293,0,0,1,1,-0.780915284838166,-0.382636154704367,FALSE,TRUE,Q1: least popular
497,Rakan,9,Elderwood,2020-12-10,50.3449201343465,48.9121914548869,4.25916248760361,3.12175275993038,0,0,1,1,-1.43272867945959,-1.13740972767323,FALSE,TRUE,Q2
498,Xayah,8,Elderwood,2020-12-10,48.7991799776089,47.71,3.46248562990893,3.33727619572223,0,0,0,0,-1.08917997760891,-0.125209434186695,FALSE,FALSE,Q1: least popular
79,Gragas,11,Warden,2021-01-07,47.5464178057556,49.2018364766147,2.85873592643244,5.14462630583907,2,1,0,0,1.65541867085907,2.28589037940663,TRUE,FALSE,Q1: least popular
429,Kalista,5,Marauder,2021-01-07,47.1577059885423,46.5393288377347,2.25999869609384,2.32009234807531,0,0,0,0,-0.618377150807653,0.0600936519814703,FALSE,FALSE,Q1: least popular
240,Kled,9,Marauder,2021-01-07,51.9156440913934,51.3053569170379,1.94155572713339,2.0946978736541,0,0,0,0,-0.610287174355477,0.153142146520709,FALSE,FALSE,Q1: least popular
133,Quinn,5,Warden,2021-01-07,50.9837369371168,50.2923245705536,3.1899423742817,2.77041135485776,1,1,0,0,-0.691412366563185,-0.41953101942394,TRUE,FALSE,Q1: least popular
5,Xin Zhao,27,Marauder,2021-01-07,48.6713926858521,48.7073398483137,3.10029822607176,2.78541147588164,0,0,0,0,0.035947162461575,-0.314886750190121,FALSE,FALSE,Q1: least popular
119,Draven,20,Ruined,2021-01-21,48.8364858279926,48.5525933634417,4.1248392006238,3.52381309937163,0,0,1,1,-0.283892464550959,-0.601026101252166,FALSE,TRUE,Q2
43,Karma,27,Ruined,2021-01-21,45.9991821652545,47.4878838181262,2.66415286322623,3.73726784985794,2,1,0,0,1.48870165287164,1.0731149866317,TRUE,FALSE,Q1: least popular
102,Shyvana,8,Ruined,2021-01-21,49.1424291399631,49.6183737687836,1.93670515381577,3.62677047055518,0,0,0,0,0.4759446288205,1.69006531673941,FALSE,FALSE,Q1: least popular
31,Cho'Gath,14,Shan Hai Scrolls,2021-01-28,50.7093944953056,52.4626195304016,3.6688627549204,5.85584563564005,1,1,1,1,1.75322503509599,2.18698288071964,TRUE,TRUE,Q1: least popular
202,Jhin,14,Shan Hai Scrolls,2021-01-28,51.9464747025055,51.0914753676975,26.5648099764013,20.4789515559488,0,0,0,0,-0.854999334808049,-6.08585842045254,FALSE,FALSE,Q4: most popular
111,Nautilus,9,Shan Hai Scrolls,2021-01-28,50.388877827244,50.1393978091031,8.42708037276706,9.25680939911153,0,0,0,0,-0.249480018140872,0.829729026344477,FALSE,FALSE,Q3
518,Neeko,12,Shan Hai Scrolls,2021-01-28,50.8304171132572,50.9215355867872,3.68104939025957,4.59379600212652,0,0,0,0,0.0911184735299884,0.912746611866951,FALSE,FALSE,Q1: least popular
12,Alistar,29,Lunar Beast,2021-02-04,51.1358607517715,50.3820817540646,5.94065183719047,7.95979248026209,0,0,0,0,-0.753778997706839,2.01914064307162,FALSE,FALSE,Q2
1,Annie,13,Lunar Beast,2021-02-04,52.045746833727,51.8748129225478,3.25755717936662,3.63224321733094,1,1,0,0,-0.170933911179226,0.374686037964318,TRUE,FALSE,Q1: least popular
523,Aphelios,9,Lunar Beast,2021-02-04,47.2993037588573,46.5636344157584,3.3708807667406,4.85554263657371,0,0,1,1,-0.735669343098898,1.48466186983311,FALSE,TRUE,Q1: least popular
122,Darius,24,Lunar Beast,2021-02-04,51.0691898408129,50.0069935720028,10.0271359575058,9.04750999445833,0,0,0,0,-1.06219626881002,-0.979625963047516,FALSE,FALSE,Q3
114,Fiora,50,Lunar Beast,2021-02-04,49.0372532340568,49.354227788101,5.42956233304571,6.04195647192131,0,0,0,0,0.316974554044194,0.612394138875596,FALSE,FALSE,Q2
114,Fiora,51,Prestige Lunar Beast,2021-02-04,49.0372532340568,49.354227788101,5.42956233304571,6.04195647192131,0,0,0,0,0.316974554044194,0.612394138875596,FALSE,FALSE,Q2
59,Jarvan IV,21,Lunar Beast,2021-02-04,49.0405759566603,49.4884687649635,2.94457698940368,3.51224142304151,0,0,0,0,0.447892808303166,0.567664433637828,FALSE,FALSE,Q1: least popular
50,Swain,12,Crystal Rose,2021-02-11,52.8334643656709,52.4811483775756,7.47961089694275,7.05103850052976,1,1,0,0,-0.352315988095256,-0.428572396412993,TRUE,FALSE,Q3
134,Syndra,16,Withered Rose,2021-02-11,46.9188291855938,46.5797935656442,3.65233898710545,3.22096802908746,2,1,0,0,-0.339035619949655,-0.431370958017997,TRUE,FALSE,Q1: least popular
91,Talon,29,Withered Rose,2021-02-11,48.5477545262829,49.4792129978422,3.53946941472732,6.16859945666878,1,1,0,0,0.931458471559345,2.62913004194146,TRUE,FALSE,Q1: least popular
143,Zyra,7,Crystal Rose,2021-02-11,51.1541940055168,51.1118451511741,4.11972858969394,4.05072015360445,0,0,0,0,-0.0423488543426842,-0.0690084360894927,FALSE,FALSE,Q2
96,Kog'Maw,28,Bee'Maw,2021-03-04,49.8756733667305,50.5897359280538,0.837026398536212,1.7244619167543,2,2,0,0,0.714062561323267,0.887435518218092,TRUE,FALSE,Q1: least popular
90,Malzahar,18,Beezahar,2021-03-04,53.3288430677742,52.6434800399701,4.03322420144968,4.11220223056487,0,0,0,0,-0.685363027804058,0.0789780291151985,FALSE,FALSE,Q2
350,Yuumi,19,Yuubee,2021-03-04,48.8154279182961,48.9382395203583,7.40493149911335,8.35156654150124,0,0,1,1,0.122811602062221,0.946635042387888,FALSE,TRUE,Q3
51,Caitlyn,22,Battle Academia,2021-03-18,48.5926321119893,49.2405824582082,10.9623114962466,16.039699635872,2,1,0,0,0.64795034621897,5.07738813962543,TRUE,FALSE,Q4: most popular
86,Garen,24,Battle Academia,2021-03-18,52.8504516292549,52.4291999705327,11.4725196979495,11.314146792198,1,1,0,0,-0.421251658722227,-0.158372905751536,TRUE,FALSE,Q4: most popular
89,Leona,21,Battle Academia,2021-03-18,51.3810839102118,51.2894175417918,11.7969508608391,12.030570855048,0,0,0,0,-0.0916663684200643,0.233619994208945,FALSE,FALSE,Q4: most popular
89,Leona,23,Prestige Battle Academia,2021-03-18,51.3810839102118,51.2894175417918,11.7969508608391,12.030570855048,0,0,0,0,-0.0916663684200643,0.233619994208945,FALSE,FALSE,Q4: most popular
62,Wukong,7,Battle Academia,2021-03-18,51.5973290562406,52.0361894690315,4.45301855109957,4.8282143509582,1,1,0,0,0.438860412790909,0.37519579985863,TRUE,FALSE,Q2
777,Yone,10,Battle Academia,2021-03-18,50.1335742022693,49.554975447385,15.3273184977687,15.0277628594163,0,0,0,0,-0.578598754884318,-0.299555638352429,FALSE,FALSE,Q4: most popular
53,Blitzcrank,29,Space Groove Blitz & Crank,2021-04-01,50.7940860118572,50.2359347823504,8.40437606109095,8.61432366335395,0,0,0,0,-0.558151229506805,0.209947602263,FALSE,FALSE,Q3
117,Lulu,26,Space Groove,2021-04-01,50.4266494882228,50.7082585413968,8.13992047470947,10.9993519412168,0,0,0,0,0.281609053173995,2.85943146650734,FALSE,FALSE,Q3
117,Lulu,27,Prestige Space Groove,2021-04-01,50.4266494882228,50.7082585413968,8.13992047470947,10.9993519412168,0,0,0,0,0.281609053173995,2.85943146650734,FALSE,FALSE,Q3
99,Lux,19,Space Groove,2021-04-01,49.6600946309886,49.7600465840355,16.4818270732577,17.6670558124605,0,0,0,0,0.0999519530469044,1.18522873920283,FALSE,FALSE,Q4: most popular
75,Nasus,25,Space Groove,2021-04-01,51.84926449992,51.7960279504213,7.80101234030089,8.02680026011105,0,0,0,0,-0.0532365494987559,0.225787919810155,FALSE,FALSE,Q3
20,Nunu & Willump,16,Space Groove,2021-04-01,50.6657247261657,50.4722538829933,5.23683305258782,4.92461624274332,0,0,0,0,-0.193470843172477,-0.312216809844498,FALSE,FALSE,Q2
68,Rumble,13,Space Groove,2021-04-01,49.1110924762057,48.5258881983149,2.076734995594,2.94896888876338,0,0,5,2,-0.58520427789081,0.872233893169377,FALSE,TRUE,Q1: least popular
360,Samira,10,Space Groove,2021-04-01,47.4719872507597,50.6699417699557,6.20319161505311,13.8328511206365,4,2,0,0,3.197954519196,7.62965950558338,TRUE,FALSE,Q2
3,Galio,19,Dragon Guardian,2021-04-15,51.3422668581115,51.5286088021122,6.19229043536463,7.01167828907478,0,0,2,1,0.186341944000695,0.819387853710151,FALSE,TRUE,Q2
10,Kayle,24,Dragonslayer,2021-04-15,49.7557627927898,49.7300348819714,2.62746845089881,2.67882227269909,1,1,0,0,-0.0257279108183681,0.051353821800284,TRUE,FALSE,Q1: least popular
14,Sion,22,Blackfrost,2021-04-15,51.7310808220603,52.2299302360572,4.0002644578733,4.22878489262707,1,1,0,0,0.498849413996879,0.228520434753775,TRUE,FALSE,Q2
29,Twitch,36,Dragonslayer,2021-04-15,48.8833907206874,49.7642084756348,4.92887293921949,5.52373630198304,0,0,0,0,0.880817754947366,0.594863362763541,FALSE,FALSE,Q2
161,Vel'Koz,11,Blackfrost,2021-04-15,50.9438354842066,51.1013737569021,4.65492120376597,4.77608390859092,0,0,0,0,0.157538272695511,0.121162704824946,FALSE,FALSE,Q2
24,Jax,20,Conqueror,2021-04-29,49.4721467301145,49.7772002024921,8.1468729491252,7.03812779472429,0,0,0,0,0.305053472377502,-1.10874515440091,FALSE,FALSE,Q3
24,Jax,21,Prestige Conqueror,2021-04-29,49.4721467301145,49.7772002024921,8.1468729491252,7.03812779472429,0,0,0,0,0.305053472377502,-1.10874515440091,FALSE,FALSE,Q3
202,Jhin,23,DWG,2021-04-29,50.9618841060558,51.5400349058647,15.2570057726297,17.348480364831,0,0,0,0,0.578150799808888,2.09147459220131,FALSE,FALSE,Q4: most popular
85,Kennen,23,DWG,2021-04-29,49.1438224337151,49.2399301882706,1.83433010925616,2.10755436424754,0,0,0,0,0.0961077545554616,0.273224254991376,FALSE,FALSE,Q1: least popular
89,Leona,22,DWG,2021-04-29,51.294764486743,51.508451751321,12.0774703415089,12.3323109665324,0,0,1,1,0.213687264577942,0.254840625023505,FALSE,TRUE,Q4: most popular
76,Nidalee,27,DWG,2021-04-29,45.5307336505727,44.9771129378302,4.48391959613645,4.10241996299765,0,0,0,0,-0.553620712742422,-0.381499633138799,FALSE,FALSE,Q2
4,Twisted Fate,23,DWG,2021-04-29,47.5897915975448,46.9600174529324,4.83553191800459,3.5096309549727,0,0,0,0,-0.629774144612391,-1.32590096303189,FALSE,FALSE,Q2
164,Camille,11,Arcana,2021-05-13,49.2139860208202,49.0902988357145,4.45381411115661,3.64768604825452,0,0,0,0,-0.123687185105702,-0.806128062902091,FALSE,FALSE,Q2
236,Lucian,31,Arcana,2021-05-13,46.6452447985281,46.9588086773507,11.225706949443,11.3607219975381,0,0,0,0,0.313563878822635,0.135015048095083,FALSE,FALSE,Q4: most popular
101,Xerath,12,Arcana,2021-05-13,50.9599650520506,51.2865851851266,5.97014961217815,9.9923322357779,2,1,0,0,0.326620133076077,4.02218262359975,TRUE,FALSE,Q2
82,Mordekaiser,13,PROJECT: Mordekaiser,2021-05-27,51.0599906990695,50.6586879933273,9.64031682033305,11.7185526310632,0,0,0,0,-0.401302705742211,2.07823581073014,FALSE,FALSE,Q3
58,Renekton,26,PROJECT: Renekton,2021-05-27,48.1398558355766,47.3135633434305,6.66600382273631,6.78839525247259,0,0,4,1,-0.826292492146173,0.122391429736279,FALSE,TRUE,Q3
113,Sejuani,16,PROJECT: Sejuani,2021-05-27,50.3301488148887,51.0045001273103,1.9818825942999,2.46603206353407,1,1,0,0,0.674351312421614,0.484149469234169,TRUE,FALSE,Q1: least popular
235,Senna,16,PROJECT: Senna,2021-05-27,50.3298744374377,49.1643112428112,16.6723656714029,14.6783740873294,3,1,0,0,-1.16556319462649,-1.99399158407348,TRUE,FALSE,Q4: most popular
517,Sylas,13,PROJECT: Sylas,2021-05-27,48.3801883438435,48.5213749681724,15.0121420025677,18.2153469346494,1,1,1,1,0.141186624328988,3.20320493208167,TRUE,TRUE,Q4: most popular
517,Sylas,14,Prestige PROJECT: Sylas,2021-05-27,48.3801883438435,48.5213749681724,15.0121420025677,18.2153469346494,1,1,1,1,0.141186624328988,3.20320493208167,TRUE,TRUE,Q4: most popular
110,Varus,16,PROJECT: Varus,2021-05-27,49.540102310236,48.592188375258,5.7796699071868,7.14245655795522,0,0,1,1,-0.947913934977919,1.36278665076842,FALSE,TRUE,Q2
201,Braum,33,Pool Party,2021-06-09,50.1464859091972,50.3458993737224,2.46574664900358,2.78778014072994,0,0,0,0,0.199413464525122,0.322033491726351,FALSE,FALSE,Q1: least popular
875,Sett,10,Pool Party,2021-06-09,50.863846955708,50.7158729874309,15.9394850407999,19.5138770325157,2,1,0,0,-0.147973968277107,3.57439199171578,TRUE,FALSE,Q4: most popular
238,Zed,30,Prestige PROJECT: Zed,2021-06-24,49.6900498900392,49.0399710800601,12.8306265973581,12.5845239514741,0,0,0,0,-0.650078809979107,-0.246102645884086,FALSE,FALSE,Q4: most popular
42,Corki,26,Astronaut,2021-07-01,52.4892588486002,51.3615621259257,1.5493541741231,1.56938018580344,0,0,0,0,-1.12769672267454,0.0200260116803359,FALSE,FALSE,Q1: least popular
57,Maokai,24,Astronaut,2021-07-01,51.7606014925252,51.6440619834212,3.17074437565683,3.18257428448838,0,0,2,1,-0.116539509104022,0.0118299088315466,FALSE,TRUE,Q1: least popular
33,Rammus,17,Astronaut,2021-07-01,50.0569925373741,51.1271873753086,3.27919077649057,3.19522659729399,2,1,0,0,1.07019483793444,-0.0839641791965802,TRUE,FALSE,Q1: least popular
45,Veigar,32,Astronaut,2021-07-01,50.796076812381,50.8043747506171,6.29901047044665,6.5291278252673,0,0,0,0,0.00829793823606906,0.230117354820645,FALSE,FALSE,Q3
131,Diana,27,Sentinel,2021-07-08,51.4334147816018,50.7031891971284,11.1409291113102,14.3805506693757,0,0,1,1,-0.730225584473402,3.23962155806542,FALSE,TRUE,Q4: most popular
39,Irelia,26,Sentinel,2021-07-08,46.0400698128015,50.9029711065248,8.89475476975764,18.139217359207,6,1,3,1,4.86290129372331,9.24446258944933,TRUE,TRUE,Q3
2,Olaf,25,Sentinel,2021-07-08,46.0988016380829,47.8237737767142,1.78070870318975,2.34123436888034,4,2,0,0,1.72497213863129,0.560525665690592,TRUE,FALSE,Q1: least popular
80,Pantheon,25,Ruined,2021-07-08,48.8992960998392,48.6,7.29743776397259,7.768078827157,0,0,0,0,-0.299296099839189,0.470641063184406,FALSE,FALSE,Q3
80,Pantheon,26,Prestige Ascended,2021-07-08,48.8992960998392,48.6,7.29743776397259,7.768078827157,0,0,0,0,-0.299296099839189,0.470641063184406,FALSE,FALSE,Q3
92,Riven,34,Sentinel,2021-07-08,49.8719720748794,49.7456036009572,5.73711083486171,5.89326613404591,0,0,0,0,-0.126368473922184,0.156155299184204,FALSE,FALSE,Q2
67,Vayne,25,Sentinel,2021-07-08,50.6200349064008,51.1162642660285,14.551706548542,18.265550545946,0,0,0,0,0.496229359627769,3.71384399740393,FALSE,FALSE,Q4: most popular
104,Graves,35,Sentinel,2021-07-22,49.7206957110504,50.4421748974915,4.74150155396985,10.0501304218818,1,1,1,1,0.721479186441187,5.30862886791197,TRUE,TRUE,Q2
21,Miss Fortune,21,Ruined,2021-07-22,50.3420481063822,49.9156860902075,11.7016830599644,11.4909674874537,0,0,0,0,-0.426362016174721,-0.210715572510646,FALSE,FALSE,Q4: most popular
555,Pyke,34,Sentinel,2021-07-22,48.8079323802334,48.9299641148095,8.39446333937978,9.81613795198123,0,0,0,0,0.12203173457609,1.42167461260145,FALSE,FALSE,Q3
107,Rengar,30,Sentinel,2021-07-22,46.2613523953318,46.126345266522,3.30217046286727,4.02976092405651,0,0,0,0,-0.135007128809796,0.727590461189242,FALSE,FALSE,Q1: least popular
412,Thresh,27,Unbound,2021-07-29,48.9372430369646,48.5240442401379,13.0190751278861,13.8525636042477,0,0,2,1,-0.413198796826784,0.833488476361612,FALSE,TRUE,Q4: most popular
103,Ahri,42,Coven,2021-08-12,50.6864817479041,50.6000418755074,5.3606464626396,6.07727442095969,0,0,0,0,-0.0864398723967099,0.716627958320093,FALSE,FALSE,Q2
22,Ashe,32,Coven,2021-08-12,50.6207681240908,52.1132263181479,11.5296809628665,20.7173993565364,0,0,1,1,1.49245819405709,9.18771839366986,FALSE,TRUE,Q4: most popular
69,Cassiopeia,18,Coven,2021-08-12,49.7706827769696,49.9866061798227,2.99229580862245,4.41597672391039,1,1,0,0,0.215923402853122,1.42368091528794,TRUE,FALSE,Q1: least popular
28,Evelynn,24,Coven,2021-08-12,48.9807254505302,48.3398115602169,4.23034171256718,5.30447549072585,0,0,0,0,-0.640913890313271,1.07413377815867,FALSE,FALSE,Q2
7,LeBlanc,33,Prestige Coven,2021-08-12,49.4096159379546,48.4966131590739,7.96598050632622,8.45018910858057,0,0,0,0,-0.913002778880667,0.484208602254349,FALSE,FALSE,Q3
54,Malphite,27,Old God,2021-08-12,50.2930915164899,50.2700418755074,8.54433700259647,9.09811130672766,0,0,0,0,-0.0230496409825847,0.55377430413119,FALSE,FALSE,Q3
19,Warwick,35,Old God,2021-08-12,51.0068231363889,50.976801598857,7.87076250316805,7.71257427042069,1,1,0,0,-0.0300215375318373,-0.158188232747362,TRUE,FALSE,Q3
84,Akali,50,Crime City Nightmare,2021-08-26,46.6939692354206,46.7286337596477,8.97106844421008,8.08105411800143,0,0,0,0,0.0346645242271038,-0.890014326208647,FALSE,FALSE,Q3
122,Darius,33,Crime City Nightmare,2021-08-26,47.9847076861058,48.3028197442114,6.70805410293592,7.20377985303814,0,0,0,0,0.318112058105541,0.495725750102224,FALSE,FALSE,Q3
35,Shaco,23,Crime City Nightmare,2021-08-26,49.3709231053484,50.2141859845636,8.98613609311795,9.16459376309108,4,1,0,0,0.843262879215267,0.178457669973128,TRUE,FALSE,Q3
4,Twisted Fate,25,Crime City Nightmare,2021-08-26,47.3407384506852,46.8113836930536,2.97050657154483,3.79301673333643,0,0,0,0,-0.529354757631552,0.822510161791605,FALSE,FALSE,Q1: least popular
143,Zyra,16,Crime City Nightmare,2021-08-26,52.9029846345071,52.4644303223828,5.63721482340908,5.52891089184777,0,0,0,0,-0.438554312124317,-0.108303931561305,FALSE,FALSE,Q2
34,Anivia,27,Divine Phoenix,2021-09-02,51.0357319079219,51.004290701921,3.43887691569689,4.11508013039946,0,0,0,0,-0.0314412060009488,0.67620321470257,FALSE,FALSE,Q1: least popular
147,Seraphine,4,Graceful Phoenix,2021-09-02,49.7796299336399,49.5294478124312,4.856198640819,5.35622709135329,0,0,0,0,-0.250182121208709,0.500028450534284,FALSE,FALSE,Q2
498,Xayah,17,Brave Phoenix,2021-09-02,48.1064021381171,48.9350523701701,3.50856788516433,4.40859680674623,2,1,0,0,0.828650232052937,0.900028921581901,TRUE,FALSE,Q1: least popular
30,Karthus,17,Pentakill III: Lost Chapter Karthus,2021-09-09,49.8460558938103,49.8829768980375,2.2676485213022,2.57910942545964,0,0,1,1,0.0369210042272528,0.311460904157436,FALSE,TRUE,Q1: least popular
10,Kayle,33,Pentakill III: Lost Chapter Kayle,2021-09-09,51.5304477492431,51.8043780255706,3.89363946105679,4.69142682598676,0,0,0,0,0.273930276327455,0.797787364929977,FALSE,FALSE,Q2
82,Mordekaiser,23,Pentakill III: Lost Chapter Mordekaiser,2021-09-09,50.5699301327372,50.4898078927315,9.00248098512417,9.14932200336918,0,0,0,0,-0.0801222400056787,0.146841018245011,FALSE,FALSE,Q3
2,Olaf,35,Pentakill III: Lost Chapter Olaf,2021-09-09,47.9280279469051,47.7413312703445,2.1566120863929,2.07888516342902,0,0,0,0,-0.186696676560608,-0.0777269229638748,FALSE,FALSE,Q1: least popular
18,Tristana,40,Hextech,2021-09-09,50.0266433775791,49.6157966174008,12.2097097915026,10.4074663140662,0,0,0,0,-0.410846760178266,-1.80224347743642,FALSE,FALSE,Q4: most popular
234,Viego,10,Dissonance of Pentakill,2021-09-09,50.1658812256532,47.8443256326792,15.5730272836613,9.69392892665396,7,2,0,0,-2.32155559297402,-5.87909835700738,TRUE,FALSE,Q4: most popular
83,Yorick,21,Pentakill III: Lost Chapter Yorick,2021-09-09,52.5660209601789,52.4901571786742,2.9746606265411,3.29097878896581,0,0,0,0,-0.0758637815046228,0.316318162424706,FALSE,FALSE,Q1: least popular
59,Jarvan IV,30,Worlds 2021,2021-09-23,51.7538673976866,52.0329438332376,9.53457484195902,8.97201310469366,0,0,1,1,0.279076435550998,-0.56256173726536,FALSE,TRUE,Q3
141,Kayn,8,Nightbringer,2021-09-23,49.8480023263564,49.9152238641835,12.4910873934008,16.5223616037169,0,0,0,0,0.0672215378270948,4.03127421031609,FALSE,FALSE,Q4: most popular
141,Kayn,9,Prestige Nightbringer,2021-09-23,49.8480023263564,49.9152238641835,12.4910873934008,16.5223616037169,0,0,0,0,0.0672215378270948,4.03127421031609,FALSE,FALSE,Q4: most popular
876,Lillia,10,Nightbringer,2021-09-23,51.6999767364363,52.0392727759313,4.43377105010673,7.18475680753089,3,1,0,0,0.339296039495039,2.75098575742416,TRUE,FALSE,Q2
25,Morgana,39,Dawnbringer,2021-09-23,50.5160046527127,50.6206573501433,12.9064127630435,12.6576259340125,1,1,0,0,0.104652697430524,-0.248786829031017,TRUE,FALSE,Q4: most popular
23,Tryndamere,18,Nightbringer,2021-09-23,49.4719046193886,49.03346143553,5.44632841227005,8.07744189681519,0,0,0,0,-0.438443183858624,2.63111348454514,FALSE,FALSE,Q2
777,Yone,19,Dawnbringer,2021-09-23,49.9238673976866,50.3473705994269,12.0438584280969,17.2188434496688,1,1,0,0,0.42350320174031,5.17498502157188,TRUE,FALSE,Q4: most popular
114,Fiora,60,Bewitching,2021-10-07,50.7885564700981,50.2716094319418,7.078272185773,7.12935649159342,0,0,0,0,-0.516947038156296,0.0510843058204271,FALSE,FALSE,Q3
25,Morgana,41,Prestige Bewitching,2021-10-07,50.495721764951,50.5625054214814,12.4538236074481,12.2373747633189,1,1,0,0,0.0667836565304256,-0.216448844129161,TRUE,FALSE,Q4: most popular
267,Nami,32,Bewitching,2021-10-07,52.4042607834968,51.3429278871183,5.05900599080091,12.1140890426004,0,0,0,0,-1.0613328963785,7.05508305179946,FALSE,FALSE,Q2
78,Poppy,24,Bewitching,2021-10-07,49.9471652948529,50.2865769030534,3.4916842216582,5.78929724030306,1,1,0,0,0.339411608200564,2.29761301864486,TRUE,FALSE,Q1: least popular
134,Syndra,25,Bewitching,2021-10-07,47.7986437278592,47.37,3.58519185908703,3.46246151797485,0,0,0,0,-0.428643727859217,-0.122730341112186,FALSE,FALSE,Q1: least popular
350,Yuumi,28,Bewitching,2021-10-07,49.1627823504905,49.6943918306775,9.25915463203539,12.8406606542663,1,1,3,1,0.531609480187022,3.58150602223091,TRUE,TRUE,Q3
145,Kai'Sa,29,Lagoon Dragon,2021-10-21,48.6814086155765,48.1433180380806,12.1177968930024,10.9475023680238,1,1,0,0,-0.538090577495929,-1.1702945249786,TRUE,FALSE,Q4: most popular
43,Karma,44,Tranquility Dragon,2021-10-21,48.112817231153,48.4986452533128,5.17193203039072,5.22544099033593,2,1,0,0,0.385828022159799,0.0535089599452103,TRUE,FALSE,Q2
412,Thresh,28,Steel Dragon,2021-10-21,47.6613562314649,47.9114561708049,11.3296296350154,11.4165026525574,2,1,0,0,0.250099939340018,0.0868730175420094,TRUE,FALSE,Q4: most popular
106,Volibear,7,Duality Dragon,2021-10-21,49.4028870766352,50.1228109174921,5.74502190864824,7.13904075088352,0,0,0,0,0.719923840856836,1.39401884223528,FALSE,FALSE,Q2
106,Volibear,9,Prestige Duality Dragon,2021-10-21,49.4028870766352,50.1228109174921,5.74502190864824,7.13904075088352,0,0,0,0,0.719923840856836,1.39401884223528,FALSE,FALSE,Q2
157,Yasuo,54,Truth Dragon,2021-10-21,51.0786786912762,50.8370321200308,19.8687201783503,22.0723445125275,0,0,0,0,-0.241646571245468,2.2036243341772,FALSE,FALSE,Q4: most popular
157,Yasuo,55,Dream Dragon,2021-10-21,51.0786786912762,50.8370321200308,19.8687201783503,22.0723445125275,0,0,0,0,-0.241646571245468,2.2036243341772,FALSE,FALSE,Q4: most popular
126,Jayce,24,Arcane Inventor,2021-11-08,46.1461187500992,45.5304514726771,3.68718880878292,10.3591564262584,0,0,0,0,-0.615667277422077,6.67196761747553,FALSE,FALSE,Q1: least popular
254,Vi,29,Arcane Undercity,2021-11-15,51.5226015388919,53.0079031772804,3.32019006449648,14.4860128966795,6,1,0,0,1.48530163838857,11.1658228321831,TRUE,FALSE,Q1: least popular
53,Blitzcrank,36,Victorious,2021-11-16,51.8039790692113,50.4695483774898,9.00930284837423,12.1464401213135,1,1,0,0,-1.33443069172152,3.13713727293923,TRUE,FALSE,Q3
51,Caitlyn,28,Arcane Enforcer,2021-11-22,49.2101255780337,48.5197247347743,13.440035513787,26.159143941441,1,1,0,0,-0.69040084325939,12.719108427654,TRUE,FALSE,Q4: most popular
222,Jinx,37,Arcane Enemy,2021-11-24,49.7030772853996,50.296120430727,9.32863069488717,23.4619306105572,3,1,0,0,0.593043145327378,14.13329991567,TRUE,FALSE,Q3
1,Annie,22,Cafe Cuties,2021-12-02,51.4506913623398,50.6647870942848,3.14285828631969,2.75234056434596,0,0,0,0,-0.785904268055013,-0.390517721973725,FALSE,FALSE,Q1: least popular
432,Bard,17,Cafe Cuties,2021-12-02,48.9070414247899,47.6017548299969,2.04390037152398,2.40424335002316,0,0,0,0,-1.30528659479295,0.360342978499177,FALSE,FALSE,Q1: least popular
887,Gwen,11,Cafe Cuties,2021-12-02,45.3334194834367,45.5298452471735,3.33832115796955,3.44354317232561,0,0,0,0,0.196425763736784,0.10522201435606,FALSE,FALSE,Q1: least popular
15,Sivir,34,Cafe Cuties,2021-12-02,50.8402211220477,50.7435096599938,3.29635501772005,3.60870951653867,0,0,0,0,-0.0967114620538823,0.312354498818628,FALSE,FALSE,Q1: least popular
16,Soraka,18,Cafe Cuties,2021-12-02,51.8577327871297,52.3595999807074,5.40742833166052,6.5798183171137,0,0,0,0,0.501867193577724,1.17238998545317,FALSE,FALSE,Q2
8,Vladimir,30,Cafe Cuties,2021-12-02,50.6545530898719,49.1190710007261,4.16564901986009,4.30090065802956,0,0,0,0,-1.53548208914582,0.135251638169474,FALSE,FALSE,Q2
63,Brand,21,Debonair,2021-12-09,51.3395576679169,51.9346322141435,6.79573573639236,9.11164634185155,0,0,0,0,0.595074546226527,2.31591060545919,FALSE,FALSE,Q3
63,Brand,22,Prestige Debonair,2021-12-09,51.3395576679169,51.9346322141435,6.79573573639236,9.11164634185155,0,0,0,0,0.595074546226527,2.31591060545919,FALSE,FALSE,Q3
119,Draven,29,Debonair,2021-12-09,50.149322603901,50.0693978912919,4.97060653095479,5.5473708036139,0,0,0,0,-0.0799247126090279,0.576764272659115,FALSE,FALSE,Q2
7,LeBlanc,35,Debonair,2021-12-09,48.7181936104026,47.4541806326124,9.27878833253912,6.2716983899026,0,0,0,0,-1.26401297779015,-3.00708994263652,FALSE,FALSE,Q3
89,Leona,33,Debonair,2021-12-09,50.6924930510128,50.2455183130336,10.3780008912303,9.36347114446127,2,1,0,0,-0.446974737979232,-1.01452974676904,TRUE,FALSE,Q4: most popular
90,Malzahar,28,Debonair,2021-12-09,52.0545345046262,51.8638795782584,4.13191433444125,4.09122766858252,0,0,0,0,-0.190654926367799,-0.0406866658587255,FALSE,FALSE,Q2
11,Master Yi,42,Debonair,2021-12-09,50.8934055111278,51.6879096836938,10.7232699996716,12.8720733979571,0,0,0,0,0.794504172565993,2.14880339828551,FALSE,FALSE,Q4: most popular
238,Zed,31,Debonair,2021-12-09,48.8743272365591,49.2220903163062,12.3856387556842,14.6767767590146,0,0,1,1,0.347763079747104,2.29113800333039,FALSE,TRUE,Q4: most popular
150,Gnar,22,Elderwood,2022-01-06,49.0689290436834,49.2855948266369,2.80806694671047,3.07220931585477,0,0,0,0,0.216665782953562,0.264142369144298,FALSE,FALSE,Q1: least popular
421,Rek'Sai,17,Elderwood,2022-01-06,49.544993555501,48.5043264519306,1.58899089866792,2.33475489712571,0,0,0,0,-1.04066710357035,0.745763998457789,FALSE,FALSE,Q1: least popular
32,Amumu,34,Porcelain,2022-01-26,52.9527399725293,50.9204877630167,5.25719627838733,4.95186808470804,0,0,2,1,-2.03225220951253,-0.305328193679288,FALSE,TRUE,Q2
131,Diana,37,Firecracker,2022-01-26,49.6177290586369,51.4986014261527,5.07148693710642,14.2527497065294,2,1,0,0,1.88087236751576,9.18126276942301,TRUE,FALSE,Q2
81,Ezreal,25,Porcelain Protector,2022-01-26,48.8608944067631,48.87,20.245102641573,21.2522075952531,0,0,0,0,0.00910559323695281,1.00710495368011,FALSE,FALSE,Q4: most popular
203,Kindred,12,Porcelain,2022-01-26,48.53,48.7197684451969,3.86971596530602,4.0324921173235,0,0,0,0,0.18976844519694,0.162776152017484,FALSE,FALSE,Q2
127,Lissandra,23,Porcelain,2022-01-26,50.1168215552031,49.9174405704611,2.30863091388103,2.67293599105916,0,0,0,0,-0.199380984742,0.36430507717813,FALSE,FALSE,Q1: least popular
99,Lux,29,Porcelain,2022-01-26,51.3308856756492,50.7676752069405,27.2505448093654,25.4973749567365,0,0,0,0,-0.563210468708732,-1.75316985262891,FALSE,FALSE,Q4: most popular
99,Lux,40,Prestige Porcelain,2022-01-26,51.3308856756492,50.7676752069405,27.2505448093654,25.4973749567365,0,0,0,0,-0.563210468708732,-1.75316985262891,FALSE,FALSE,Q4: most popular
875,Sett,19,Firecracker,2022-01-26,50.0622665758062,49.3207039094382,10.615264263908,9.59485279577357,0,0,0,0,-0.741562666367997,-1.02041146813439,FALSE,FALSE,Q4: most popular
17,Teemo,37,Firecracker,2022-01-26,51.7977290586369,51.089768445197,10.8383580188703,8.64777927145867,0,0,0,0,-0.70796061343998,-2.19057874741163,FALSE,FALSE,Q4: most popular
18,Tristana,41,Firecracker,2022-01-26,48.8927268758585,50.6634856487512,7.34079387383972,9.4467873154407,2,1,0,0,1.7707587728927,2.10599344160098,TRUE,FALSE,Q3
5,Xin Zhao,36,Firecracker,2022-01-26,50.5209118689908,49.5972120973343,5.63371860557532,7.62433532316899,0,0,2,1,-0.92369977165643,1.99061671759368,FALSE,TRUE,Q2
166,Akshan,10,Crystal Rose,2022-02-10,50.6956956393873,50.3372515759757,6.53440856482523,5.15509244300397,2,2,0,0,-0.358444063411618,-1.37931612182126,TRUE,FALSE,Q3
60,Elise,15,Withered Rose,2022-02-10,49.4958157142232,49.6541806498755,2.01047466919121,1.86815772365909,0,0,1,1,0.158364935652244,-0.142316945532118,FALSE,TRUE,Q1: least popular
40,Janna,36,Crystal Rose,2022-02-10,49.5858522560175,51.0892645491281,2.57133174957762,3.44573060065271,17,1,1,1,1.50341229311064,0.874398851075091,TRUE,TRUE,Q1: least popular
245,Ekko,36,Arcane Firelight,2022-02-17,50.368764454224,50.7173849902234,9.34033989723597,9.20629176724114,0,0,0,0,0.348620535999437,-0.134048129994833,FALSE,FALSE,Q3
38,Kassadin,15,Shockblade,2022-02-17,50.1782239823969,49.8941204339325,3.32256046250909,3.19916181348084,0,0,0,0,-0.28410354846438,-0.123398649028251,FALSE,FALSE,Q1: least popular
246,Qiyana,20,Shockblade,2022-02-17,47.2684942183104,47.1951268539896,4.92473307426045,3.7002872026197,0,0,0,0,-0.0733673643208235,-1.22444587164075,FALSE,FALSE,Q2
98,Shen,40,Shockblade,2022-02-17,51.4885708837722,51.1654279388208,5.71024036346915,5.11013536156101,0,0,0,0,-0.323142944951464,-0.600105001908143,FALSE,FALSE,Q2
498,Xayah,26,Prestige Brave Phoenix,2022-02-17,48.965598288723,49.6077892406182,3.45672296784918,4.40816684364005,1,1,0,0,0.642190951895145,0.951443875790871,TRUE,FALSE,Q1: least popular
74,Heimerdinger,24,Heimerstinger,2022-03-03,50.238928377061,50.0618075553158,2.16388319733413,2.35834553788413,0,0,0,0,-0.177120821745213,0.194462340549993,FALSE,FALSE,Q1: least popular
20,Nunu & Willump,26,Nunu & Beelump,2022-03-03,51.2744972801924,49.5152405558553,5.33367814060899,3.86189984747994,0,0,0,0,-1.75925672433709,-1.47177829312905,FALSE,FALSE,Q2
61,Orianna,20,Orbeeanna,2022-03-03,48.0637688123373,47.6653756237287,2.61623170852369,2.67822110309025,0,0,0,0,-0.398393188608566,0.0619893945665542,FALSE,FALSE,Q1: least popular
115,Ziggs,24,BZZZiggs,2022-03-03,52.0201504986983,51.7374002137905,2.78641301897627,3.04434935979596,0,0,0,0,-0.282750284907827,0.257936340819683,FALSE,FALSE,Q1: least popular
555,Pyke,44,Ashen Knight,2022-03-30,49.2369634716573,49.0158672543932,10.265586946664,12.591155456161,0,0,3,1,-0.221096217264105,2.32556850949699,FALSE,TRUE,Q4: most popular
222,Jinx,38,Battle Cat,2022-03-31,50.1876258583106,50.2680489067299,22.8100914082697,20.3216300577471,0,0,1,1,0.0804230484193269,-2.48846135052264,FALSE,TRUE,Q4: most popular
222,Jinx,40,Prestige Battle Cat,2022-03-31,50.1876258583106,50.2680489067299,22.8100914082697,20.3216300577471,0,0,1,1,0.0804230484193269,-2.48846135052264,FALSE,TRUE,Q4: most popular
21,Miss Fortune,31,Battle Bunny,2022-03-31,50.9353677217681,51.1278625953779,13.03506524033,19.5040867160792,1,1,0,0,0.192494873609796,6.46902147574921,TRUE,FALSE,Q4: most popular
92,Riven,44,Battle Bunny Prime,2022-03-31,49.3272688364113,49.1718579375941,4.73662575510645,5.14372798425934,0,0,0,0,-0.155410898817223,0.407102229152885,FALSE,FALSE,Q2
517,Sylas,24,Battle Wolf,2022-03-31,48.3068172091028,48.509953422162,7.91339723552757,8.83644397944317,0,0,0,0,0.203136213059175,0.923046743915604,FALSE,FALSE,Q3
67,Vayne,32,Battle Bat,2022-03-31,52.0056301382581,51.0221141157031,15.4236488297653,13.9263660811564,0,0,0,0,-0.98351602255503,-1.49728274860883,FALSE,FALSE,Q4: most popular
266,Aatrox,20,Prestige Blood Moon Aatrox (2022),2022-04-01,48.3233935503037,48.342216588956,5.13642993629903,5.59705424206785,0,0,0,0,0.0188230386522719,0.46062430576882,FALSE,FALSE,Q2
84,Akali,60,Prestige K/DA Akali (2022),2022-04-01,48.7845677812255,48.5600349337026,13.13791267334,12.1585444472002,0,0,0,0,-0.224532847522944,-0.979368226139851,FALSE,FALSE,Q4: most popular
51,Caitlyn,29,Prestige Arcade Caitlyn (2022),2022-04-01,47.7395483727224,47.4953985429115,15.9565683576497,13.4061728096826,1,1,0,0,-0.244149829810901,-2.55039554796706,TRUE,FALSE,Q4: most popular
28,Evelynn,31,Prestige K/DA Evelynn (2022),2022-04-01,48.3211742309218,48.4145315896834,2.74214500058007,2.81458886715541,0,0,0,0,0.0933573587615584,0.072443866575346,FALSE,FALSE,Q1: least popular
105,Fizz,25,Prestige Fuzz Fizz (2022),2022-04-01,51.4985547927116,51.8879231458543,5.06748208207623,4.89510977172523,0,0,0,0,0.389368353142757,-0.172372310350994,FALSE,FALSE,Q2
39,Irelia,36,Prestige PROJECT: Irelia (2022),2022-04-01,50.0509032545553,49.4567481786393,11.6930653679612,12.6025450699923,0,0,0,0,-0.594155075915921,0.909479702031115,FALSE,FALSE,Q4: most popular
145,Kai'Sa,39,Prestige K/DA Kai'Sa (2022),2022-04-01,49.346193639425,47.9326643377532,14.2806043759693,19.6835927268821,0,0,1,1,-1.41352930167182,5.40298835091279,FALSE,TRUE,Q4: most popular
64,Lee Sin,39,Prestige Nightbringer Lee Sin (2022),2022-04-01,46.2928904145768,46.2496221186079,14.693795608505,14.6119698390293,0,0,3,1,-0.0432682959689004,-0.0818257694756568,FALSE,TRUE,Q4: most popular
99,Lux,39,Prestige Battle Academia Lux (2022),2022-04-01,50.8063354733297,50.6066433775316,24.1602040269968,21.8156276760819,1,1,0,0,-0.199692095798113,-2.34457635091496,TRUE,FALSE,Q4: most popular
21,Miss Fortune,33,Prestige Bewitching Miss Fortune (2022),2022-04-01,50.9493677218113,51.1671959274366,13.1780575355891,19.4936479128,1,1,0,0,0.217828205625231,6.31559037721092,TRUE,FALSE,Q4: most popular
518,Neeko,21,Prestige Star Guardian Neeko (2022),2022-04-01,51.1451097339587,50.7976151318674,3.41046366517532,3.2984937821605,0,0,0,0,-0.34749460209126,-0.111969883014814,FALSE,FALSE,Q1: least popular
246,Qiyana,21,Prestige True Damage Qiyana (2022),2022-04-01,47.1757935205966,47.955433476614,3.71324422758368,3.66378802527677,0,0,0,0,0.779639956017455,-0.0494562023069087,FALSE,FALSE,Q1: least popular
92,Riven,45,Prestige Valiant Sword Riven (2022),2022-04-01,49.3139355030368,49.2125246029429,4.73104574225824,5.12844544585983,0,0,0,0,-0.101410900093967,0.397399703601587,FALSE,FALSE,Q2
412,Thresh,38,Prestige Pulsefire Thresh (2022),2022-04-01,46.3474581958023,45.5134614235761,8.67472351737357,7.68122039629106,0,0,0,0,-0.83399677222625,-0.99350312108251,FALSE,FALSE,Q3
67,Vayne,33,Prestige Firecracker Vayne (2022),2022-04-01,51.9842968048589,50.9894474500951,15.4404353137168,13.9155191656417,0,0,0,0,-0.994849354763879,-1.52491614807515,FALSE,FALSE,Q4: most popular
103,Ahri,66,Arcana,2022-04-14,50.2158058029354,51.0454637786278,11.5170467956418,12.8913460621713,0,0,6,2,0.829657975692335,1.37429926652942,FALSE,TRUE,Q4: most popular
120,Hecarim,22,Arcana,2022-04-14,50.2898517434416,46.1500698814077,9.54639055074048,3.44345812012399,0,0,0,0,-4.13978186203386,-6.10293243061649,FALSE,FALSE,Q3
497,Rakan,18,Arcana,2022-04-14,48.5455092898186,49.1974428142054,3.18503299566672,3.61267551324862,0,0,6,1,0.651933524386848,0.427642517581895,FALSE,TRUE,Q1: least popular
13,Ryze,20,Arcana,2022-04-14,43.2871831253901,42.3927318893139,3.16184620219358,2.10682019042309,3,2,0,0,-0.894451236076186,-1.05502601177049,TRUE,FALSE,Q1: least popular
498,Xayah,28,Arcana,2022-04-14,49.8174796385069,50.6706988140773,4.57817325130428,9.97233337369861,0,0,2,1,0.853219175570395,5.39416012239433,FALSE,TRUE,Q2
266,Aatrox,21,Lunar Eclipse,2022-04-28,48.4335597925512,48.1480069916254,5.57841172856184,5.89952986675496,0,0,3,1,-0.285552800925842,0.321118138193114,FALSE,TRUE,Q2
10,Kayle,42,Sun-Eater,2022-04-28,52.5445018303746,53.0081118660062,4.86286609968044,7.40392557658174,0,0,6,1,0.46361003563166,2.54105947690131,FALSE,TRUE,Q2
113,Sejuani,26,Solar Eclipse,2022-04-28,52.0169112263604,51.3099300837461,2.54842202868964,3.43943531658003,1,1,0,0,-0.706981142614303,0.891013287890385,TRUE,FALSE,Q1: least popular
235,Senna,26,Lunar Eclipse,2022-04-28,50.6554981696255,50.9546153947472,10.8422830446051,14.8392504455127,0,0,7,2,0.299117225121691,3.99696740090758,FALSE,TRUE,Q4: most popular
235,Senna,27,Prestige Lunar Eclipse,2022-04-28,50.6554981696255,50.9546153947472,10.8422830446051,14.8392504455127,0,0,7,2,0.299117225121691,3.99696740090758,FALSE,TRUE,Q4: most popular
15,Sivir,43,Solar Eclipse,2022-04-28,50.9027219340989,50.4333915968782,3.33766875455005,5.2118088491169,0,0,0,0,-0.469330337220704,1.87414009456685,FALSE,FALSE,Q1: least popular
41,Gangplank,23,Gangplank the Betrayer,2022-05-05,47.1922885247665,47.8065153321805,6.54547517768085,9.64012161645859,2,1,2,1,0.614226807414013,3.09464643877774,TRUE,TRUE,Q3
157,Yasuo,45,Sea Dog,2022-05-05,50.3504390594272,50.7133798977906,17.8388154991855,18.1204666957837,2,1,1,1,0.362940838363421,0.281651196598197,TRUE,TRUE,Q4: most popular
523,Aphelios,18,EDG,2022-05-12,44.8247202301865,45.4398581198601,3.65647752849937,3.79496674288717,0,0,3,1,0.61513788967352,0.138489214387808,FALSE,TRUE,Q1: least popular
104,Graves,42,EDG,2022-05-12,50.0253147025438,50.0898883566112,10.785779606715,14.7053097043813,0,0,0,0,0.0645736540673809,3.91953009766623,FALSE,FALSE,Q4: most popular
55,Katarina,37,High Noon,2022-05-12,49.5174125141888,49.1399930222882,8.39547646851675,8.5143133817337,1,1,5,3,-0.377419491900589,0.118836913216944,TRUE,TRUE,Q3
89,Leona,34,High Noon,2022-05-12,49.2479720538157,48.9799813927685,8.6814997360825,8.43303567154029,1,1,0,0,-0.267990661047186,-0.248464064542205,TRUE,FALSE,Q3
82,Mordekaiser,32,High Noon,2022-05-12,51.240769136009,51.4900837325416,7.9654136764478,9.81653588427371,1,1,1,1,0.249314596532578,1.85112220782592,TRUE,TRUE,Q3
91,Talon,38,High Noon,2022-05-12,49.7005944723573,49.7498674234758,5.1883192781018,7.4810222605443,0,0,1,1,0.0492729511185033,2.2927029824425,FALSE,TRUE,Q2
91,Talon,39,Prestige High Noon,2022-05-12,49.7005944723573,49.7498674234758,5.1883192781018,7.4810222605443,0,0,1,1,0.0492729511185033,2.2927029824425,FALSE,TRUE,Q2
110,Varus,34,High Noon,2022-05-12,47.3113985410967,47.5500790807337,2.51145075017112,2.76783086751622,3,1,2,2,0.238680539637087,0.256380117345107,TRUE,TRUE,Q1: least popular
234,Viego,19,EDG,2022-05-12,49.2294753931034,49.5599441783056,10.8115437440446,12.6492454271189,0,0,9,3,0.330468785202172,1.83770168307425,FALSE,TRUE,Q4: most popular
350,Yuumi,37,EDG,2022-05-12,49.3941257578293,48.8101023397731,9.32453095947083,10.0039157083985,0,0,5,2,-0.584023418056184,0.67938474892766,FALSE,TRUE,Q3
142,Zoe,20,EDG,2022-05-12,47.5352797698135,46.8601604873714,2.3614947448703,4.02802250579692,2,1,0,0,-0.675119282442047,1.66652776092663,TRUE,FALSE,Q1: least popular
360,Samira,20,High Noon,2022-05-26,51.6899720501861,49.8602022246845,11.7065691901521,11.1023059635071,4,1,0,0,-1.82976982550159,-0.604263226644962,TRUE,FALSE,Q4: most popular
14,Sion,30,High Noon,2022-05-26,49.8401793446393,49.2701922382803,7.82290774607474,3.40963455636345,4,1,0,0,-0.569987106358923,-4.41327318971129,TRUE,FALSE,Q3
223,Tahm Kench,20,High Noon,2022-05-26,50.8798858715932,49.9202521567054,3.52967489917781,4.1956860303846,4,1,2,1,-0.95963371488785,0.666011131206791,TRUE,TRUE,Q1: least popular
29,Twitch,45,High Noon,2022-05-26,50.160013974907,50.6498452107353,6.38100234368423,10.2444634092289,4,1,0,0,0.489831235828355,3.86346106554471,TRUE,FALSE,Q3
112,Viktor,14,High Noon,2022-05-26,51.5199464295233,52.0197827957092,5.21431761110098,6.85243344408713,4,1,0,0,0.499836366185896,1.63811583298615,TRUE,FALSE,Q2
22,Ashe,43,Ocean Song,2022-06-09,50.471372956199,50.45668992228,9.63059342566099,14.2695724194466,4,1,0,0,-0.0146830339189705,4.63897899378565,TRUE,FALSE,Q3
76,Nidalee,29,Ocean Song,2022-06-09,47.5639091004848,45.61996511658,4.78542307396868,3.0173100868212,5,2,0,0,-1.94394398390475,-1.76811298714749,TRUE,FALSE,Q2
147,Seraphine,14,Ocean Song,2022-06-09,48.5735547552294,51.2562713212403,3.83221597598212,6.8897766185342,4,1,2,1,2.68271656601087,3.05756064255208,TRUE,TRUE,Q2
147,Seraphine,15,Prestige Ocean Song,2022-06-09,48.5735547552294,51.2562713212403,3.83221597598212,6.8897766185342,4,1,2,1,2.68271656601087,3.05756064255208,TRUE,TRUE,Q2
777,Yone,26,Ocean Song,2022-06-09,49.8979580463776,50.2647527124359,13.8914401447921,16.5568157331637,4,1,0,0,0.366794666058347,2.66537558837164,TRUE,FALSE,Q4: most popular
221,Zeri,10,Ocean Song,2022-06-09,44.6374638557142,49.2623209274638,2.78025887495392,11.329112386209,14,2,3,1,4.62485707174962,8.54885351125507,TRUE,TRUE,Q1: least popular
51,Caitlyn,30,Snow Moon,2022-06-23,47.2232519035064,48.8338462155067,11.5831771044484,12.7254597300969,8,2,2,1,1.61059431200032,1.14228262564847,TRUE,TRUE,Q4: most popular
420,Illaoi,18,Snow Moon,2022-06-23,50.451475253889,51.1143006971986,4.22959342793139,4.94783809800062,4,1,0,0,0.662825443309693,0.71824467006923,TRUE,FALSE,Q2
141,Kayn,15,Snow Moon,2022-06-23,49.6573635786977,50.3013986056027,10.7543821154499,15.2862417675515,4,1,2,2,0.644035026905087,4.53185965210165,TRUE,TRUE,Q4: most popular
80,Pantheon,36,Ashen Conqueror,2022-06-23,49.0073984771949,48.1935839143322,5.96315430939588,5.57627801825319,4,1,1,1,-0.813814562862724,-0.386876291142688,TRUE,TRUE,Q2
245,Ekko,45,Star Guardian,2022-07-14,50.290020956677,49.7233240182582,7.27898068963803,8.52923696763419,0,0,0,0,-0.566696938418822,1.25025627799616,FALSE,FALSE,Q3
245,Ekko,46,Prestige Star Guardian,2022-07-14,50.290020956677,49.7233240182582,7.27898068963803,8.52923696763419,0,0,0,0,-0.566696938418822,1.25025627799616,FALSE,FALSE,Q3
9,Fiddlesticks,27,Star Nemesis,2022-07-14,48.8535824849377,51.4999720547745,2.59283291345068,6.04671205453962,3,1,0,0,2.64638956983686,3.45387914108895,TRUE,FALSE,Q1: least popular
145,Kai'Sa,40,Star Guardian,2022-07-14,49.220027942236,48.6799441095491,16.9226910961902,15.0677454217202,0,0,0,0,-0.540083832686946,-1.85494567446996,FALSE,FALSE,Q4: most popular
37,Sona,35,Star Guardian,2022-07-14,52.290167653416,51.8770043381411,3.17902128145582,4.17751114063759,0,0,0,0,-0.413163315274879,0.998489859181763,FALSE,FALSE,Q1: least popular
84,Akali,61,Star Guardian,2022-07-28,48.6356918476969,48.5729244758984,10.1332771661013,13.8870529834613,0,0,0,0,-0.0627673717985005,3.75377581736002,FALSE,FALSE,Q3
25,Morgana,50,Star Nemesis,2022-07-28,50.8284592384846,51.2757442115104,11.1418048536018,12.5235905613501,0,0,0,0,0.447284973025802,1.38178570774821,FALSE,FALSE,Q4: most popular
133,Quinn,14,Star Guardian,2022-07-28,50.6356394923231,51.3770231539584,1.90416702844999,2.20636086618473,0,0,0,0,0.741383661635304,0.302193837734737,FALSE,FALSE,Q1: least popular
526,Rell,10,Star Guardian,2022-07-28,50.239877837461,49.4731514131857,1.08079223401841,1.29770955387102,1,1,1,1,-0.766726424275348,0.216917319852608,TRUE,TRUE,Q1: least popular
134,Syndra,34,Prestige Star Guardian,2022-07-28,47.5985115938585,47.3227499087544,2.27069754426674,2.99231603546246,0,0,0,0,-0.275761685104087,0.721618491195716,FALSE,FALSE,Q1: least popular
163,Taliyah,11,Star Guardian,2022-07-28,47.7356045887405,49.2602618507161,2.60756888449878,3.97434912546272,5,1,3,1,1.52465726197556,1.36678024096394,TRUE,TRUE,Q1: least popular
96,Kog'Maw,37,Zap'Maw,2022-08-11,51.4693426564332,51.2285639383153,2.73241440509319,2.67932481279358,0,0,0,0,-0.240778718117944,-0.0530895922996089,FALSE,FALSE,Q1: least popular
117,Lulu,37,Monster Tamer,2022-08-11,49.6300349616246,49.7856393831528,8.58539551806694,9.54211267523129,0,0,3,1,0.155604421528238,0.956717157164348,FALSE,TRUE,Q3
45,Veigar,41,Monster Tamer,2022-08-11,51.1434265643322,50.9328896006338,9.37208364586364,7.7188428713796,0,0,0,0,-0.210536963698416,-1.65324077448404,FALSE,FALSE,Q3
164,Camille,21,Strike Commander,2022-08-25,49.7240768642065,48.9425245598955,3.79695781674081,3.6723704768251,0,0,0,0,-0.781552304310942,-0.124587339915704,FALSE,FALSE,Q2
40,Janna,45,Cyber Halo,2022-08-25,51.4780372674941,51.9826992813355,3.17215487222564,4.53224198001993,3,1,0,0,0.504662013841404,1.36008710779428,TRUE,FALSE,Q1: least popular
40,Janna,46,Prestige Cyber Halo,2022-08-25,51.4780372674941,51.9826992813355,3.17215487222564,4.53224198001993,3,1,0,0,0.504662013841404,1.36008710779428,TRUE,FALSE,Q1: least popular
236,Lucian,40,Strike Paladin,2022-08-25,48.2418928559546,48.0061257994368,10.3963212000896,10.6663459018384,0,0,0,0,-0.235767056517865,0.270024701748744,FALSE,FALSE,Q4: most popular
75,Nasus,35,Armored Titan,2022-08-25,51.016295810734,49.5260559108608,5.57395802127297,5.3996355558218,0,0,0,0,-1.49023989987323,-0.174322465451174,FALSE,FALSE,Q2
53,Blitzcrank,47,Zenith Games,2022-09-09,49.4314036360583,49.5285639488137,8.00121185341754,7.90312989592863,0,0,4,2,0.0971603127553777,-0.0980819574889082,FALSE,TRUE,Q3
126,Jayce,25,Zenith Games,2022-09-09,47.5808065465844,48.2472675197725,2.34741672008516,2.57685191662809,2,1,0,0,0.666460973188116,0.229435196542927,TRUE,FALSE,Q1: least popular
64,Lee Sin,41,Zenith Games,2022-09-09,44.8327374530797,45.3496509446369,11.0831932022589,10.3264108914474,3,1,0,0,0.516913491557233,-0.756782310811497,TRUE,FALSE,Q4: most popular
234,Viego,21,King,2022-09-09,49.0829818197087,48.9269708227139,9.62191884140694,8.54618277955572,0,0,0,0,-0.156010996994752,-1.07573606185123,FALSE,FALSE,Q3
1,Annie,31,Fright Night,2022-09-22,50.1657217757579,46.407909203692,1.96448314030097,2.34025940660306,0,0,0,0,-3.75781257206589,0.375776266302091,FALSE,FALSE,Q1: least popular
268,Azir,14,Worlds 2022,2022-09-22,46.9228696262631,44.7321489990696,3.62314144929355,3.31991317372942,0,0,0,0,-2.19072062719347,-0.30322827556413,FALSE,FALSE,Q1: least popular
119,Draven,39,Fright Night,2022-09-22,49.617357571725,48.7918812663664,7.67899437479566,5.84024241521659,0,0,0,0,-0.825476305358585,-1.83875195957907,FALSE,FALSE,Q3
111,Nautilus,18,Fright Night,2022-09-22,49.2871303737369,49.252125717965,8.41654760578524,8.50651147875038,0,0,0,0,-0.0350046557719423,0.0899638729651429,FALSE,FALSE,Q3
888,Renata Glasc,10,Fright Night,2022-09-22,50.9812862606009,51.4760977806394,3.71772247409236,3.16332847803211,0,0,0,0,0.494811520038546,-0.554393996060244,FALSE,FALSE,Q1: least popular
517,Sylas,34,Ashen Slayer,2022-09-22,49.3199475696951,48.253844016599,14.8032686672834,13.8978722844278,0,0,0,0,-1.06610355309605,-0.905396382855542,FALSE,FALSE,Q4: most popular
48,Trundle,12,Fright Night,2022-09-22,52.5942607474739,50.3820093124419,8.27544870306961,5.44113683707765,0,0,0,0,-2.21225143503199,-2.83431186599196,FALSE,FALSE,Q3
6,Urgot,23,Fright Night,2022-09-22,51.5172527111151,51.0479557659012,3.12212174092983,3.4479885349419,0,0,0,0,-0.469296945213905,0.325866794012065,FALSE,FALSE,Q1: least popular
523,Aphelios,20,Spirit Blossom,2022-10-06,46.3120139807584,44.6673917824391,3.32965445106057,5.11853094925402,0,0,0,0,-1.64462219831933,1.78887649819345,FALSE,FALSE,Q1: least popular
122,Darius,43,Spirit Blossom,2022-10-06,49.4333799358614,49.3810450919182,10.7975739472764,11.055050077804,0,0,0,0,-0.0523348439431715,0.257476130527587,FALSE,FALSE,Q4: most popular
28,Evelynn,32,Spirit Blossom,2022-10-06,48.5992820705525,49.545028059222,2.54159929068027,3.03950482386053,0,0,1,1,0.945745988669479,0.497905533180262,FALSE,TRUE,Q1: least popular
11,Master Yi,52,Spirit Blossom,2022-10-06,52.1520139807584,50.9657344688464,10.7013658443401,9.99185142450208,0,0,1,1,-1.18627951191199,-0.709514419838008,FALSE,TRUE,Q4: most popular
11,Master Yi,53,Prestige Spirit Blossom,2022-10-06,52.1520139807584,50.9657344688464,10.7013658443401,9.99185142450208,0,0,1,1,-1.18627951191199,-0.709514419838008,FALSE,TRUE,Q4: most popular
875,Sett,38,Spirit Blossom,2022-10-06,50.5336784425567,51.4016102196177,8.6070814382337,14.4076932149533,2,1,2,1,0.867931777061017,5.80061177671955,TRUE,TRUE,Q3
16,Soraka,27,Spirit Blossom,2022-10-06,50.7339930096208,50.7456873748714,5.25731530438111,6.37695410077658,0,0,0,0,0.0116943652506478,1.11963879639547,FALSE,FALSE,Q2
18,Tristana,51,Spirit Blossom,2022-10-06,51.2501398075841,51.0183426864073,10.4589984094033,12.3260069800435,0,0,0,0,-0.231797121176712,1.86700857064018,FALSE,FALSE,Q4: most popular
83,Yorick,30,Spirit Blossom,2022-10-06,51.9388088043771,51.7514689376928,4.03508703678193,4.51805972419429,0,0,0,0,-0.18733986668429,0.482972687412367,FALSE,FALSE,Q2
34,Anivia,37,Bewitching Batnivia,2022-10-20,50.6476901060906,50.8995393250216,2.74872486799631,2.68651676703404,0,0,0,0,0.251849218931078,-0.0622081009622706,FALSE,FALSE,Q1: least popular
69,Cassiopeia,28,Bewitching,2022-10-20,50.7142009493594,50.8277233216885,2.74653325439697,2.34884208536058,0,0,0,0,0.113522372329093,-0.39769116903639,FALSE,FALSE,Q1: least popular
7,LeBlanc,45,Bewitching,2022-10-20,47.5078297189104,47.1353117938527,5.02194998539217,4.59068814545905,0,0,0,0,-0.372517925057672,-0.431261839933113,FALSE,FALSE,Q2
518,Neeko,22,Bewitching,2022-10-20,50.7957641474357,50.264119378225,2.88539225261758,2.90228127500018,0,0,0,0,-0.531644769210651,0.0168890223826041,FALSE,FALSE,Q1: least popular
235,Senna,36,Bewitching,2022-10-20,48.6592184009619,48.2869648844588,8.02696889966143,7.03966189993402,0,0,0,0,-0.372253516503065,-0.987306999727405,FALSE,FALSE,Q3
24,Jax,22,Empyrean,2022-11-03,49.5646154564073,50.9515169091449,7.36977409649889,8.57499989584831,0,0,0,0,1.38690145273765,1.20522579934941,FALSE,FALSE,Q3
202,Jhin,25,Empyrean,2022-11-03,50.8899650839141,51.4183927747083,15.2501332712343,16.0078406412225,0,0,0,0,0.528427690794203,0.757707369988214,FALSE,FALSE,Q4: most popular
99,Lux,42,Empyrean,2022-11-03,50.6374124764615,50.4789285164722,19.5421395363493,20.7162446782499,0,0,0,0,-0.158483959989326,1.17410514190058,FALSE,FALSE,Q4: most popular
555,Pyke,45,Empyrean,2022-11-03,48.8793705771584,48.3920541896881,8.2777955863002,10.0252008719017,0,0,0,0,-0.487316387470244,1.74740528560152,FALSE,FALSE,Q3
711,Vex,10,Empyrean,2022-11-03,51.5719930167828,51.7362498076526,7.61414604247841,7.07156518349395,0,0,0,0,0.164256790869764,-0.542580858984466,FALSE,FALSE,Q3
154,Zac,14,Empyrean,2022-11-03,52.0172378960317,50.3899127614117,5.38993899599692,5.39052919111696,0,0,0,0,-1.62732513462002,0.000590195120035553,FALSE,FALSE,Q2
238,Zed,38,Empyrean,2022-11-03,50.3680418993032,50.1633032279511,12.1537665121138,12.1359288850659,0,0,3,1,-0.204738671352089,-0.0178376270479319,FALSE,TRUE,Q4: most popular
113,Sejuani,36,Victorious,2022-11-15,51.5692797440818,50.6052023292568,6.83440608225647,5.24385860323334,0,0,0,0,-0.964077414825049,-1.59054747902313,FALSE,FALSE,Q3
79,Gragas,20,Space Groove,2022-11-17,47.3102819710017,46.6042754655376,2.6994120206075,2.98094128620538,1,1,0,0,-0.706006505464089,0.28152926559788,TRUE,FALSE,Q1: least popular
127,Lissandra,34,Space Groove,2022-11-17,48.1701887574474,48.1207873080445,2.52470169640345,1.99162743647603,0,0,0,0,-0.0494014494029713,-0.533074259927424,FALSE,FALSE,Q1: least popular
267,Nami,41,Space Groove,2022-11-17,51.8299743662726,52.692844331922,7.17839695855125,8.62442136425742,0,0,0,0,0.862869965649459,1.44602440570618,FALSE,FALSE,Q3
267,Nami,42,Prestige Space Groove,2022-11-17,51.8299743662726,52.692844331922,7.17839695855125,8.62442136425742,0,0,0,0,0.862869965649459,1.44602440570618,FALSE,FALSE,Q3
516,Ornn,11,Space Groove,2022-11-17,51.5700442764383,49.836529777816,5.25769238562523,4.45191350135869,3,2,0,0,-1.73351449862229,-0.805778884266543,TRUE,FALSE,Q2
44,Taric,18,Space Groove,2022-11-17,50.7701677843977,51.2622184416601,1.87189543972439,1.99092052450644,0,0,0,0,0.492050657262332,0.119025084782048,FALSE,FALSE,Q1: least popular
17,Teemo,47,Space Groove,2022-11-17,50.3200699101657,51.0585868016936,7.6901848157301,8.81469670198426,0,0,0,0,0.738516891527851,1.12451188625417,FALSE,FALSE,Q3
4,Twisted Fate,36,Space Groove,2022-11-17,47.1300116516943,46.6663683600335,2.17753971738739,2.31882045396895,0,0,0,0,-0.463643291660766,0.141280736581564,FALSE,FALSE,Q1: least popular
90,Malzahar,38,Three Honors,2022-12-07,51.5102320729904,51.8697377688176,4.34705713738301,5.27357005351594,2,2,0,0,0.359505695827224,0.926512916132924,TRUE,FALSE,Q2
131,Diana,47,Winterblessed,2022-12-08,51.5215190344012,50.9703612563039,8.91846855344839,9.79511411981042,0,0,0,0,-0.551157778097227,0.876645566362038,FALSE,FALSE,Q3
82,Mordekaiser,42,Ashen Graveknight,2022-12-08,52.3621120041344,52.4774192839665,10.2918762208508,14.6921670802563,0,0,1,1,0.115307279832109,4.40029085940546,FALSE,TRUE,Q4: most popular
35,Shaco,33,Winterblessed,2022-12-08,49.4415300174216,48.7407225126079,8.49747672946891,9.43964422270437,1,1,0,0,-0.700807504813703,0.942167493235454,TRUE,FALSE,Q3
50,Swain,21,Winterblessed,2022-12-08,51.7872767210983,51.3340257412492,8.33959875558511,9.3873840864067,1,1,0,0,-0.453250979849138,1.04778533082159,TRUE,FALSE,Q3
19,Warwick,45,Winterblessed,2022-12-08,51.353623716522,51.9666064572827,8.21451982398802,12.0673642564578,1,1,0,0,0.612982740760714,3.85284443246976,TRUE,FALSE,Q3
19,Warwick,46,Prestige Winterblessed,2022-12-08,51.353623716522,51.9666064572827,8.21451982398802,12.0673642564578,1,1,0,0,0.612982740760714,3.85284443246976,TRUE,FALSE,Q3
26,Zilean,14,Winterblessed,2022-12-08,51.7248462660565,51.9765161432067,2.85350672962108,3.39821754818816,1,1,0,0,0.251669877150214,0.544710818567079,TRUE,FALSE,Q1: least popular
142,Zoe,22,Winterblessed,2022-12-08,47.7830344077955,46.7596387436961,2.53732159571803,2.63596749827276,0,0,0,0,-1.02339566409943,0.0986459025547353,FALSE,FALSE,Q1: least popular
3,Galio,28,Mythmaker,2023-01-12,49.6842709528962,49.9222302787491,2.52547021002722,2.62761199098996,0,0,0,0,0.237959325852827,0.102141780962742,FALSE,FALSE,Q1: least popular
86,Garen,33,Mythmaker,2023-01-12,51.3269549690219,50.8170044925524,6.8072311172409,8.24757955223892,0,0,0,0,-0.509950476469513,1.44034843499802,FALSE,FALSE,Q3
39,Irelia,37,Mythmaker,2023-01-12,50.2537160350095,49.8174836481634,11.8928785943219,12.1935214098504,0,0,0,0,-0.43623238684615,0.300642815528473,FALSE,FALSE,Q4: most popular
15,Sivir,50,Mythmaker,2023-01-12,49.7612386783365,50.133843485799,3.72695875201009,5.41564215554439,0,0,0,0,0.372604807462523,1.6886834035343,FALSE,FALSE,Q2
15,Sivir,51,Prestige Mythmaker,2023-01-12,49.7612386783365,50.133843485799,3.72695875201009,5.41564215554439,0,0,0,0,0.372604807462523,1.6886834035343,FALSE,FALSE,Q2
143,Zyra,36,Mythmaker,2023-01-12,51.6440387806069,52.35864528282,4.51793463612053,5.2359279037177,0,0,0,0,0.714606502213115,0.717993267597168,FALSE,FALSE,Q2
22,Ashe,52,Lunar Empress,2023-01-26,49.7023700310085,50.0674285636177,13.0190642441998,18.0103407041741,2,1,2,1,0.365058532609247,4.99127645997433,TRUE,TRUE,Q4: most popular
121,Kha'Zix,69,Lunar Guardian,2023-01-26,49.5106321671507,49.1268663783442,4.55977701063595,4.06837924646327,0,0,0,0,-0.383765788806471,-0.491397764172677,FALSE,FALSE,Q2
127,Lissandra,33,Prestige Porcelain,2023-01-26,48.7084427553281,49.5087557477705,1.89998347359609,3.08436530745563,3,1,0,0,0.800312992442414,1.18438183385953,TRUE,FALSE,Q1: least popular
54,Malphite,37,Lunar Guardian,2023-01-26,49.6606321671507,49.5044055178597,6.28479723048894,6.25422829387006,0,0,0,0,-0.156226649290979,-0.0305689366188879,FALSE,FALSE,Q2
246,Qiyana,30,Lunar Empress,2023-01-26,45.5701806191859,46.1203686774524,2.26674890042826,1.89910206037852,0,0,0,0,0.550188058266507,-0.367646840049739,FALSE,FALSE,Q1: least popular
412,Thresh,39,Lunar Emperor,2023-01-26,48.4205418575577,48.6761290234394,8.67286803596459,8.96744788143883,0,0,2,2,0.255587165881643,0.294579845474246,FALSE,TRUE,Q3
32,Amumu,44,Heartache,2023-02-10,53.1861619478058,52.5085763813052,9.99244245777406,9.66160521495894,0,0,3,1,-0.677585566500682,-0.33083724281512,FALSE,TRUE,Q3
51,Caitlyn,39,Heartthrob,2023-02-10,49.9302257677761,49.5398494611413,22.4915891394951,23.6615390660431,2,1,2,1,-0.390376306634856,1.16994992654801,TRUE,TRUE,Q4: most popular
254,Vi,30,Heartache,2023-02-10,51.698059261401,51.5972171979347,5.30758724965882,8.22643255792476,0,0,0,0,-0.100842063466352,2.91884530826594,FALSE,FALSE,Q2
105,Fizz,26,Astronaut,2023-02-24,50.3335438502568,50.5822326476558,4.09296710242202,5.72849721383485,1,1,0,0,0.248688797398941,1.63553011141283,TRUE,FALSE,Q2
427,Ivern,20,Astronaut,2023-02-24,47.8853730295638,46.9345155616664,0.857337729358432,0.841592247552788,1,1,0,0,-0.950857467897414,-0.0157454818056442,TRUE,FALSE,Q1: least popular
85,Kennen,25,Astronaut,2023-02-24,47.5417833759641,48.7108779791559,1.50007724788681,2.34200420181208,0,0,1,1,1.16909460319173,0.841926953925266,FALSE,TRUE,Q1: least popular
27,Singed,19,Astronaut,2023-02-24,52.3042441060416,52.5711226071222,2.09893505759156,2.18610743674237,1,1,0,0,0.266878501080669,0.0871723791508083,TRUE,FALSE,Q1: least popular
101,Xerath,21,Astronaut,2023-02-24,51.6264332480718,51.2889934235666,6.66274518964436,6.7384493832967,0,0,0,0,-0.337439824505161,0.0757041936523439,FALSE,FALSE,Q3
31,Cho'Gath,23,Broken Covenant,2023-03-09,49.6521658709102,50.9653800879153,2.65729111021891,6.96362372110447,4,1,0,0,1.31321421700514,4.30633261088556,TRUE,FALSE,Q1: least popular
21,Miss Fortune,40,Broken Covenant,2023-03-09,50.6340552903034,50.773878712853,13.8520204084128,14.8267356941028,3,2,0,0,0.139823422549604,0.974715285689919,TRUE,FALSE,Q4: most popular
21,Miss Fortune,41,Prestige Broken Covenant,2023-03-09,50.6340552903034,50.773878712853,13.8520204084128,14.8267356941028,3,2,0,0,0.139823422549604,0.974715285689919,TRUE,FALSE,Q4: most popular
56,Nocturne,17,Broken Covenant,2023-03-09,52.1321567226651,52.6323099560424,5.08164221686658,7.83157436492025,0,0,0,0,0.500153233377233,2.74993214805367,FALSE,FALSE,Q2
497,Rakan,27,Broken Covenant,2023-03-09,51.415843410946,51.3397304730067,3.76643697742694,6.41616914180622,4,1,2,1,-0.0761129379393069,2.64973216437928,TRUE,TRUE,Q2
92,Riven,55,Broken Covenant,2023-03-09,47.6305437547888,48.7137439493563,3.14413653123475,4.88937738853943,1,1,0,0,1.08320019456752,1.74524085730468,TRUE,FALSE,Q1: least popular
8,Vladimir,39,Broken Covenant,2023-03-09,49.802433174182,49.7941482398464,4.07192599215447,4.66079105909656,0,0,0,0,-0.00828493433568411,0.588865066942092,FALSE,FALSE,Q2
498,Xayah,37,Broken Covenant,2023-03-09,51.1290046409281,50.1250915843231,8.81002617479031,11.8348499866721,1,1,0,0,-1.00391305660497,3.02482381188174,TRUE,FALSE,Q3
81,Ezreal,33,Faerie Court,2023-03-23,47.971638706628,47.7314061007664,20.1107927350278,17.379727437644,0,0,0,0,-0.24023260586155,-2.73106529738386,FALSE,FALSE,Q4: most popular
114,Fiora,69,Faerie Court,2023-03-23,50.2547828023061,50.1743581197527,5.89085760290697,5.28943091154301,0,0,0,0,-0.0804246825533852,-0.601426691363967,FALSE,FALSE,Q2
429,Kalista,14,Faerie Court,2023-03-23,46.2749333412111,46.382689861261,2.11713776949798,1.90404367107372,0,0,1,1,0.107756520049875,-0.213094098424256,FALSE,TRUE,Q1: least popular
43,Karma,54,Faerie Queen,2023-03-23,48.2844817244961,48.1485239905069,6.59445523272868,5.60659668542043,0,0,0,0,-0.135957733989208,-0.987858547308255,FALSE,FALSE,Q3
55,Katarina,47,Faerie Court,2023-03-23,49.042090323343,48.6942532566626,6.75685977629908,10.4598485940895,0,0,0,0,-0.347837066680427,3.70298881779039,FALSE,FALSE,Q3
55,Katarina,48,Prestige Faerie Court,2023-03-23,49.042090323343,48.6942532566626,6.75685977629908,10.4598485940895,0,0,0,0,-0.347837066680427,3.70298881779039,FALSE,FALSE,Q3
147,Seraphine,24,Faerie Court,2023-03-23,49.7173247423642,49.6771353669221,5.06623712438172,5.31502546111204,0,0,0,0,-0.0401893754420257,0.248788336730321,FALSE,FALSE,Q2
98,Shen,49,Ashen Guardian,2023-03-23,50.8734451734882,50.9313886235847,4.39894065934264,4.93602402970939,0,0,0,0,0.0579434500965448,0.537083370366748,FALSE,FALSE,Q2
203,Kindred,22,Woof and Lamb,2023-04-06,47.6685034779267,48.5973170434553,3.4263282836707,4.08067514704637,0,0,0,0,0.928813565528579,0.654346863375662,FALSE,FALSE,Q1: least popular
240,Kled,18,Kibble-Head,2023-04-06,52.3390837744111,51.94,2.67793121212136,2.6956417335332,0,0,1,1,-0.399083774411061,0.0177105214118432,FALSE,TRUE,Q1: least popular
76,Nidalee,39,Kittalee,2023-04-06,46.5448516558173,47.3605223848895,3.263316493109,3.74748758041974,0,0,0,0,0.815670729072195,0.484171087310738,FALSE,FALSE,Q1: least popular
59,Jarvan IV,35,Nightbringer,2023-04-20,52.7118452933637,52.044877939141,11.6995098396216,7.86279835309168,0,0,0,0,-0.666967354222727,-3.8367114865299,FALSE,FALSE,Q4: most popular
75,Nasus,45,Nightbringer,2023-04-20,50.830958890313,50.1501046235935,6.33997765104276,6.2454641678134,0,0,0,0,-0.680854266719557,-0.0945134832293606,FALSE,FALSE,Q3
58,Renekton,33,Dawnbringer,2023-04-20,47.6923609821514,47.0899501792412,4.45607353466939,3.7101233367795,0,0,0,0,-0.602410802910185,-0.745950197889894,FALSE,FALSE,Q2
67,Vayne,44,Dawnbringer,2023-04-20,50.0116278315766,50.4499651254688,9.1751942084728,10.1846129768191,1,1,0,0,0.438337293892253,1.00941876834629,TRUE,FALSE,Q3
136,Aurelion Sol,21,Inkshadow,2023-05-03,52.3570330051712,52.8170456513877,8.0558270233691,7.5068077655957,2,2,3,1,0.460012646216562,-0.549019257773404,TRUE,TRUE,Q3
145,Kai'Sa,48,Inkshadow,2023-05-03,49.41498252355,49.1615731338336,15.8766048362414,15.460632894751,0,0,0,0,-0.253409389716339,-0.415971941490348,FALSE,FALSE,Q4: most popular
11,Master Yi,89,Inkshadow,2023-05-03,49.9935339790356,50.1289153873973,9.27476275913489,11.1477390431629,0,0,0,0,0.135381408361617,1.87297628402798,FALSE,FALSE,Q3
77,Udyr,6,Inkshadow,2023-05-03,50.0669980522711,50.0342832218305,3.45115381084653,3.22479938116937,0,0,0,0,-0.0327148304406464,-0.226354429677165,FALSE,FALSE,Q1: least popular
106,Volibear,19,Inkshadow,2023-05-03,49.359328157093,49.7716080282073,3.73564508923905,5.21863214619084,2,1,0,0,0.412279871114308,1.48298705695178,TRUE,FALSE,Q2
157,Yasuo,56,Inkshadow,2023-05-03,48.4784815496855,48.2885489964741,14.0715473063485,16.8008968734019,3,1,0,0,-0.189932553211413,2.72934956705337,TRUE,FALSE,Q4: most popular
157,Yasuo,57,Prestige Inkshadow,2023-05-03,48.4784815496855,48.2885489964741,14.0715473063485,16.8008968734019,3,1,0,0,-0.189932553211413,2.72934956705337,TRUE,FALSE,Q4: most popular
777,Yone,35,Inkshadow,2023-05-03,48.5086213612858,48.49423088027,11.3809893308168,12.7766177418524,0,0,0,0,-0.0143904810158304,1.39562841103563,FALSE,FALSE,Q4: most popular
103,Ahri,76,Snow Moon,2023-05-18,50.4979953440681,50.6550573779097,10.9087436760982,12.3179993790332,0,0,0,0,0.157062033841648,1.40925570293497,FALSE,FALSE,Q4: most popular
25,Morgana,60,Snow Moon,2023-05-18,50.0800698389792,49.4950074840752,9.45676693558669,8.40560896294683,0,0,0,0,-0.585062354904032,-1.05115797263986,FALSE,FALSE,Q3
110,Varus,44,Snow Moon,2023-05-18,49.6900581991493,49.2748378450378,8.03684440867857,8.5231341827183,0,0,1,1,-0.41522035411154,0.486289774039729,FALSE,TRUE,Q3
266,Aatrox,30,DRX,2023-06-01,48.1955847642698,48.3533566324838,4.42553843753938,7.08230486299511,2,1,0,0,0.157771868213992,2.65676642545573,TRUE,FALSE,Q2
266,Aatrox,31,Prestige DRX,2023-06-01,48.1955847642698,48.3533566324838,4.42553843753938,7.08230486299511,2,1,0,0,0.157771868213992,2.65676642545573,TRUE,FALSE,Q2
84,Akali,68,DRX,2023-06-01,47.2207416844814,48.4753007145227,7.22665087503054,8.55833842135714,2,2,0,0,1.25455903004134,1.3316875463266,TRUE,FALSE,Q3
22,Ashe,63,DRX,2023-06-01,49.5264310622256,49.0273918921739,10.0396752940947,11.361988619486,0,0,0,0,-0.499039170051688,1.32231332539131,FALSE,FALSE,Q3
51,Caitlyn,48,DRX,2023-06-01,47.9599651288419,48.1155104068766,14.0375526884041,12.6466999321542,0,0,0,0,0.155545278034708,-1.39085275624984,FALSE,FALSE,Q4: most popular
203,Kindred,23,DRX,2023-06-01,48.4051569202116,50.7552657657971,3.94924357987142,7.51258620660101,5,1,2,1,2.35010884558547,3.56334262672959,TRUE,TRUE,Q2
57,Maokai,33,DRX,2023-06-01,51.8035689377744,52.1372447965617,4.95057465599291,5.81626084345131,0,0,0,0,0.333675858787288,0.8656861874584,FALSE,FALSE,Q2
432,Bard,26,Shan Hai Scrolls,2023-06-14,48.5884592766945,48.2032890604508,1.53855694171809,1.67655202206194,0,0,0,0,-0.385170216243658,0.137995080343847,FALSE,FALSE,Q1: least popular
96,Kog'Maw,46,Shan Hai Scrolls,2023-06-14,52.4914534940679,51.4566130731773,5.40338419683803,2.73223061780332,0,0,0,0,-1.03484042089064,-2.67115357903472,FALSE,FALSE,Q2
89,Leona,50,Crystalis Motus,2023-06-14,50.5171104577117,51.1767039490941,6.14611052337511,6.87824347769847,0,0,0,0,0.659593491382346,0.732132954323355,FALSE,FALSE,Q2
876,Lillia,19,Shan Hai Scrolls,2023-06-14,51.807250024492,51.7932610986302,4.08757657037388,4.5420930211424,0,0,0,0,-0.0139889258617458,0.454516450768519,FALSE,FALSE,Q2
223,Tahm Kench,30,Shan Hai Scrolls,2023-06-14,49.7528372047457,49.5466620063633,3.209503262419,3.06359082893285,0,0,0,0,-0.206175198382439,-0.145912433486145,FALSE,FALSE,Q1: least popular
30,Karthus,26,Elderwood,2023-06-28,50.7700174584274,51.0412447763922,2.82609833855069,3.43084759983278,0,0,2,1,0.271227317964751,0.604749261282085,FALSE,TRUE,Q1: least popular
61,Orianna,29,Star Guardian,2023-06-28,49.5214185951843,50.2075803605903,1.87520588998589,2.54940300976375,2,1,0,0,0.686161765405956,0.674197119777853,TRUE,FALSE,Q1: least popular
147,Seraphine,34,Star Guardian,2023-06-28,49.4656918391648,50.1428041629701,4.67093976390873,5.63716452156818,0,0,0,0,0.677112323805304,0.966224757659452,FALSE,FALSE,Q2
62,Wukong,16,Elderwood,2023-06-28,49.6542208686982,49.1512098197049,4.27195405640152,3.29727256716684,0,0,0,0,-0.503011048993379,-0.974681489234681,FALSE,FALSE,Q2
34,Anivia,46,Victorious,2023-07-17,51.3097903034795,51.1097219524117,2.35515314675784,2.18287887253324,0,0,0,0,-0.200068351067792,-0.172274274224595,FALSE,FALSE,Q1: least popular
99,Lux,38,Soul Fighter,2023-07-20,50.3319906798769,50.1920279071131,19.3621589175453,20.150399788785,0,0,2,1,-0.139962772763788,0.788240871239655,FALSE,TRUE,Q4: most popular
555,Pyke,53,Soul Fighter,2023-07-20,48.1319906798769,48.5933449612971,7.31616687225249,8.45541913978211,0,0,0,0,0.461354281420249,1.13925226752962,FALSE,FALSE,Q3
555,Pyke,54,Prestige Soul Fighter,2023-07-20,48.1319906798769,48.5933449612971,7.31616687225249,8.45541913978211,0,0,0,0,0.461354281420249,1.13925226752962,FALSE,FALSE,Q3
360,Samira,30,Soul Fighter,2023-07-20,50.451827577722,49.2313868219667,9.81079693517596,12.2862019059429,1,1,0,0,-1.22044075575531,2.47540497076691,TRUE,FALSE,Q3
235,Senna,46,Star Guardian,2023-07-20,49.6399883498461,49.4734496129711,8.02784294174698,6.67430587457124,0,0,0,0,-0.166538736874955,-1.35353706717574,FALSE,FALSE,Q3
875,Sett,45,Soul Fighter,2023-07-20,50.0060419405541,50.0446968993725,7.42436503622903,8.32490954970263,0,0,0,0,0.0386549588183911,0.900544513473601,FALSE,FALSE,Q3
28,Evelynn,42,Soul Fighter,2023-08-03,50.5985431653543,50.5113686904934,4.2018514867548,4.52551478083725,0,0,0,0,-0.0871744748608805,0.32366329408245,FALSE,FALSE,Q2
887,Gwen,20,Soul Fighter,2023-08-03,48.3907808471253,48.2385614484156,3.74373156464523,3.88904421102594,2,1,0,0,-0.152219398709725,0.145312646380702,TRUE,FALSE,Q2
202,Jhin,36,Soul Fighter,2023-08-03,50.7509206599318,50.6714210863117,14.5651620034286,12.2238667119274,0,0,0,0,-0.0794995736201187,-2.34129529150125,FALSE,FALSE,Q4: most popular
35,Shaco,43,Soul Fighter,2023-08-03,48.8846620062398,49.5172975495588,8.56134149638047,10.5257219069699,6,1,2,1,0.632635543318962,1.9643804105894,TRUE,TRUE,Q3
35,Shaco,44,Prestige Soul Fighter,2023-08-03,48.8846620062398,49.5172975495588,8.56134149638047,10.5257219069699,6,1,2,1,0.632635543318962,1.9643804105894,TRUE,TRUE,Q3
234,Viego,30,Soul Fighter,2023-08-03,49.8225990904769,49.2671927579222,8.64124895188094,9.40108015936627,0,0,0,0,-0.555406332554689,0.759831207485327,FALSE,FALSE,Q3
10,Kayle,57,Immortal Journey,2023-08-16,52.5200466137004,52.040011636519,4.59592191708695,4.15846026752428,0,0,0,0,-0.480034977181362,-0.437461649562666,FALSE,FALSE,Q2
102,Shyvana,17,Immortal Journey,2023-08-16,52.5994289821706,51.5579813815696,4.71658240707999,4.48429761326986,3,1,0,0,-1.041447600601,-0.232284793810126,TRUE,FALSE,Q2
37,Sona,45,Immortal Journey,2023-08-16,51.8084241846733,51.7679231989746,2.82484335633396,3.25531036919878,0,0,0,0,-0.0405009856986638,0.430467012864826,FALSE,FALSE,Q1: least popular
37,Sona,46,Prestige Immortal Journey,2023-08-16,51.8084241846733,51.7679231989746,2.82484335633396,3.25531036919878,0,0,0,0,-0.0405009856986638,0.430467012864826,FALSE,FALSE,Q1: least popular
16,Soraka,37,Immortal Journey,2023-08-16,51.282123526306,51.690069819114,4.61828127753336,6.49428813787375,0,0,0,0,0.407946292808042,1.87600686034039,FALSE,FALSE,Q2
238,Zed,49,Immortal Journey,2023-08-16,49.6399766931498,49.5420651645064,12.922196157582,13.2202821622824,0,0,0,0,-0.0979115286434222,0.298086004700417,FALSE,FALSE,Q4: most popular
221,Zeri,19,Immortal Journey,2023-08-16,47.6517739235533,47.4239325081898,2.88507590472665,6.46869746080477,0,0,1,1,-0.22784141536345,3.58362155607812,FALSE,TRUE,Q1: least popular
200,Bel'Veth,10,Cosmic Matriarch,2023-08-30,49.6404525771145,50.1614235888938,2.95931669553645,3.93989497410094,0,0,3,1,0.52097101177926,0.980578278564487,FALSE,TRUE,Q1: least popular
202,Jhin,37,Dark Cosmic Erasure,2023-08-30,50.6313240250919,50.6042533278095,12.4356117607788,12.5430543515905,0,0,0,0,-0.0270706972824257,0.107442590811706,FALSE,FALSE,Q4: most popular
111,Nautilus,27,Cosmic Paladin,2023-08-30,50.3234496863508,49.6386112888499,12.6324962728023,10.7788179313169,0,0,0,0,-0.684838397500968,-1.8536783414854,FALSE,FALSE,Q4: most popular
20,Nunu & Willump,35,Cosmic Paladins,2023-08-30,48.1948435232532,47.5271353833407,3.50070038246713,3.56711234184037,0,0,0,0,-0.667708139912577,0.0664119593732369,FALSE,FALSE,Q1: least popular
14,Sion,40,Cosmic Paladin,2023-08-30,50.6214287428077,50.4056594778315,5.56372180490644,5.70299331235907,0,0,0,0,-0.215769264976203,0.139271507452634,FALSE,FALSE,Q2
63,Brand,33,Street Demons,2023-09-13,50.4998005272681,50.7919860423976,6.26583844053901,6.45980144815392,3,1,4,1,0.292185515129461,0.193963007614909,TRUE,TRUE,Q2
36,Dr. Mundo,21,Street Demons,2023-09-13,52.5850374011372,52.3479790635964,3.42716229526668,3.42820741815439,0,0,3,1,-0.237058337540866,0.00104512288771463,FALSE,TRUE,Q1: least popular
518,Neeko,31,Street Demons,2023-09-13,49.8300448813647,49.6173519434699,6.34480089359257,6.26749868482975,0,0,2,2,-0.212692937894765,-0.077302208762827,FALSE,TRUE,Q3
107,Rengar,40,Street Demons,2023-09-13,46.7049526252262,47.0773170494638,3.88759029565535,3.38818445338666,0,0,0,0,0.372364424237652,-0.49940584226869,FALSE,FALSE,Q2
163,Taliyah,21,Crystalis Motus,2023-09-13,50.43,50.0559930211988,2.82656655123264,3.72812211657792,3,1,0,0,-0.374006978801219,0.901555565345276,TRUE,FALSE,Q1: least popular
143,Zyra,46,Street Demons,2023-09-13,52.8350623352287,52.6959581271927,6.82829621468043,7.14417377423472,0,0,2,1,-0.139104208035995,0.315877559554295,FALSE,TRUE,Q3
119,Draven,48,La Ilusión,2023-09-27,48.0934264559792,48.0500399243231,4.77836904491604,4.38705327504524,0,0,0,0,-0.0433865316560613,-0.391315769870806,FALSE,FALSE,Q2
150,Gnar,31,La Ilusión,2023-09-27,48.1265386230287,48.8349376182451,2.75731184765651,2.87687820669515,2,1,0,0,0.708398995216498,0.119566359038638,TRUE,FALSE,Q1: least popular
76,Nidalee,48,La Ilusión,2023-09-27,48.2633566139948,48.1651472209415,4.1619699988544,4.37106813829402,1,1,0,0,-0.0982093930533097,0.209098139439621,TRUE,FALSE,Q2
246,Qiyana,40,La Ilusión,2023-09-27,47.1582304785485,46.7252120979665,2.16699779537606,2.35631147062467,0,0,0,0,-0.433018380581913,0.189313675248611,FALSE,FALSE,Q1: least popular
888,Renata Glasc,20,La Ilusión,2023-09-27,50.6320838103813,50.4350324385125,1.11306676476141,1.64841000091164,0,0,0,0,-0.197051371868724,0.535343236150234,FALSE,FALSE,Q1: least popular
888,Renata Glasc,21,Prestige La Ilusión,2023-09-27,50.6320838103813,50.4350324385125,1.11306676476141,1.64841000091164,0,0,0,0,-0.197051371868724,0.535343236150234,FALSE,FALSE,Q1: least popular
115,Ziggs,33,La Ilusión,2023-09-27,50.6626852911958,51.3745733087967,3.35932721736269,5.39662661661573,0,0,1,1,0.711888017600906,2.03729939925304,FALSE,TRUE,Q1: least popular
84,Akali,70,Coven,2023-10-11,48.93868851603,48.5348094384923,9.86023769912654,11.6525102120358,0,0,0,0,-0.403879077537624,1.79227251290928,FALSE,FALSE,Q3
84,Akali,71,Prestige Coven,2023-10-11,48.93868851603,48.5348094384923,9.86023769912654,11.6525102120358,0,0,0,0,-0.403879077537624,1.79227251290928,FALSE,FALSE,Q3
60,Elise,24,Coven,2023-10-11,49.535507514245,49.6566457584753,2.07059789745818,1.83933971197699,3,1,1,1,0.121138244230366,-0.231258185481184,TRUE,TRUE,Q1: least popular
24,Jax,32,Neo PAX,2023-10-11,49.0114335538736,49.1471242536115,7.25764522804704,12.8322737575065,3,1,0,0,0.1356906997379,5.57462852945942,TRUE,FALSE,Q3
82,Mordekaiser,44,Old God,2023-10-11,50.4258039697251,49.8456063320699,7.11778104028956,6.60741019502005,0,0,0,0,-0.580197637655218,-0.510370845269505,FALSE,FALSE,Q3
267,Nami,51,Coven,2023-10-11,50.5114684309889,50.4398614098126,4.23284043214461,5.66028379475874,0,0,0,0,-0.0716070211763196,1.42744336261413,FALSE,FALSE,Q2
895,Nilah,11,Coven,2023-10-11,52.6871154536951,53.4949480286797,3.43265655075149,3.45181250670693,0,0,2,1,0.807832574984616,0.0191559559554348,FALSE,TRUE,Q1: least popular
497,Rakan,36,Redeemed Star Guardian,2023-10-11,51.2257516540521,50.9699307049063,7.01428781350935,8.15288858107932,0,0,0,0,-0.255820949145807,1.13860076756997,FALSE,FALSE,Q3
58,Renekton,42,Worlds 2023,2023-10-11,49.8585664461264,48.2689952211414,8.38901785488948,7.08598799095244,0,0,0,0,-1.58957122498501,-1.30302986393704,FALSE,FALSE,Q3
498,Xayah,38,Redeemed Star Guardian,2023-10-11,49.2701395084612,48.7347054958518,8.10391843627133,9.57065527367625,1,1,0,0,-0.535434012609443,1.46673683740492,TRUE,FALSE,Q3
222,Jinx,51,Cafe Cuties,2023-10-25,48.0620279123283,50.5994194318865,6.99584841145037,15.8285205248656,5,1,0,0,2.5373915195582,8.83267211341522,TRUE,FALSE,Q3
117,Lulu,46,Cafe Cuties,2023-10-25,48.0981116493133,47.9656128218976,5.8726634913446,5.76854821270468,0,0,0,0,-0.132498827415688,-0.104115278639919,FALSE,FALSE,Q2
78,Poppy,33,Cafe Cuties,2023-10-25,50.9440558246566,50.1601935227045,4.52552864013512,4.6276816538807,0,0,0,0,-0.783862301952141,0.102153013745577,FALSE,FALSE,Q2
68,Rumble,23,Cafe Cuties,2023-10-25,49.9120976931491,48.3507095832498,2.7090957652215,4.51871400924886,0,0,0,0,-1.56138810989929,1.80961824402735,FALSE,FALSE,Q1: least popular
134,Syndra,54,Coven,2023-10-25,50.1879255671245,50.6032260418755,5.03985452105294,8.17010770717679,1,1,0,0,0.415300474750971,3.13025318612385,TRUE,FALSE,Q2
523,Aphelios,30,HEARTSTEEL,2023-11-08,47.3579145213047,47.2890968622939,4.40985115580155,6.01044094504378,0,0,0,0,-0.0688176590108114,1.60058978924223,FALSE,FALSE,Q2
245,Ekko,56,Breakout True Damage,2023-11-08,50.5942757354253,50.035870882788,8.74498238109922,7.86476747632905,0,0,0,0,-0.558404852637239,-0.880214904770172,FALSE,FALSE,Q3
81,Ezreal,43,HEARTSTEEL,2023-11-08,49.7507766535921,49.8047742155735,22.2539728833683,21.2409021827916,0,0,0,0,0.0539975619813973,-1.01307070057671,FALSE,FALSE,Q4: most popular
897,K'Sante,8,HEARTSTEEL,2023-11-08,44.6907766535921,47.1204505934564,3.33332514046156,7.59013574506817,25,2,8,1,2.42967393986431,4.25681060460662,TRUE,TRUE,Q1: least popular
141,Kayn,20,HEARTSTEEL,2023-11-08,49.4665707701899,50.2206450983615,9.59544086114581,12.1202124006805,0,0,0,0,0.754074328171576,2.52477153953472,FALSE,FALSE,Q3
875,Sett,56,HEARTSTEEL,2023-11-08,50.3892931984311,50.2564514713134,7.66739686451042,7.40390349772241,0,0,0,0,-0.132841727117665,-0.263493366788002,FALSE,FALSE,Q3
777,Yone,45,HEARTSTEEL,2023-11-08,48.7642757354253,48.5805160786892,16.816981915278,21.5866497797487,1,1,1,1,-0.183759656736065,4.76966786447074,TRUE,TRUE,Q4: most popular
777,Yone,46,Prestige HEARTSTEEL,2023-11-08,48.7642757354253,48.5805160786892,16.816981915278,21.5866497797487,1,1,1,1,-0.183759656736065,4.76966786447074,TRUE,TRUE,Q4: most popular
53,Blitzcrank,56,Beezcrank,2023-11-22,50.3047252045672,50.6597419385945,8.94367156685116,8.64090806573753,0,0,0,0,0.355016734027267,-0.302763501113635,FALSE,FALSE,Q3
45,Veigar,51,King Beegar,2023-11-22,51.1086499415522,50.9248387116216,7.36820441612267,7.40314446903637,1,1,0,0,-0.183811229930683,0.034940052913699,TRUE,FALSE,Q3
161,Vel'Koz,20,Bee'Koz,2023-11-22,49.6604918322687,50.8140000120536,2.78688804580092,3.31183935628996,4,2,0,0,1.15350817978487,0.524951310489042,TRUE,FALSE,Q1: least popular
1,Annie,40,Winterblessed,2023-12-06,50.100212340891,51.0078193583263,1.7398410603766,1.8810158431442,3,1,0,0,0.907607017435296,0.141174782767604,TRUE,FALSE,Q1: least popular
22,Ashe,65,Crystalis Motus,2023-12-06,50.2227556771106,50.0311784847422,14.0206527323876,16.0788058609759,0,0,0,0,-0.191577192368435,2.05815312858827,FALSE,FALSE,Q4: most popular
164,Camille,31,Winterblessed,2023-12-06,50.5187649506665,49.8466408735841,3.1720650385113,4.19620881955973,0,0,0,0,-0.672124077082415,1.02414378104843,FALSE,FALSE,Q1: least popular
164,Camille,32,Prestige Winterblessed,2023-12-06,50.5187649506665,49.8466408735841,3.1720650385113,4.19620881955973,0,0,0,0,-0.672124077082415,1.02414378104843,FALSE,FALSE,Q1: least popular
120,Hecarim,31,Winterblessed,2023-12-06,48.4741103317762,48.4383699110735,4.3086768423155,4.41079672923109,2,1,1,1,-0.0357404207026946,0.102119886915593,TRUE,TRUE,Q2
236,Lucian,52,Winterblessed,2023-12-06,48.4495484484448,49.6589978430685,6.36763017862188,11.6928737037234,1,1,0,0,1.20944939462368,5.32524352510153,TRUE,FALSE,Q3
235,Senna,56,Winterblessed,2023-12-06,51.1299072644411,50.0465419250211,14.4796507124911,11.6140395217663,1,1,0,0,-1.08336533941998,-2.86561119072486,TRUE,FALSE,Q4: most popular
517,Sylas,36,Winterblessed,2023-12-06,50.1769587444457,50.096421407143,14.4694363333847,14.3894476777385,0,0,3,1,-0.0805373373027791,-0.0799886556461829,FALSE,TRUE,Q4: most popular
412,Thresh,49,Winterblessed,2023-12-06,50.0066267982226,49.6977204097633,11.8006399025767,11.6767421244181,0,0,0,0,-0.308906388459306,-0.123897778158593,FALSE,FALSE,Q4: most popular
114,Fiora,80,Dragonmancer,2024-01-09,50.886525347857,50.9412002695081,5.04134449834652,4.54511552233146,0,0,0,0,0.0546749216511202,-0.496228976015059,FALSE,FALSE,Q2
38,Kassadin,24,Dragonmancer,2024-01-09,51.7168109697675,50.3335392517259,2.06666761307195,2.49891947189594,0,0,0,0,-1.38327171804163,0.432251858823993,FALSE,FALSE,Q1: least popular
497,Rakan,37,Dragonmancer,2024-01-09,51.6399169992889,51.1024855897128,7.31945891407157,6.04430460105393,0,0,0,0,-0.537431409576108,-1.27515431301764,FALSE,FALSE,Q3
497,Rakan,38,Prestige Dragonmancer,2024-01-09,51.6399169992889,51.1024855897128,7.31945891407157,6.04430460105393,0,0,0,0,-0.537431409576108,-1.27515431301764,FALSE,FALSE,Q3
67,Vayne,55,Dragonmancer,2024-01-09,51.4143778988084,51.2797761731078,12.3714907517418,10.8757297921411,0,0,0,0,-0.13460172570062,-1.49576095960072,FALSE,FALSE,Q4: most popular
166,Akshan,20,Three Honors,2024-01-24,50.2791741124995,49.7016478803046,2.47261087019374,2.73875199511081,0,0,0,0,-0.577526232194948,0.266141124917066,FALSE,FALSE,Q1: least popular
92,Riven,63,Primal Ambush,2024-01-24,49.8457892618591,48.776167547953,5.22201476471035,4.76889588902679,0,0,0,0,-1.06962171390612,-0.45311887568356,FALSE,FALSE,Q2
15,Sivir,61,Primal Ambush,2024-01-24,49.6803010544871,49.6829293070667,3.42275756731107,2.19962062353235,0,0,0,0,0.00262825257960486,-1.22313694377872,FALSE,FALSE,Q1: least popular
91,Talon,49,Primal Ambush,2024-01-24,50.4927827416663,48.9798494758366,5.23292763064357,4.05500748342511,0,0,0,0,-1.51293326582972,-1.17792014721846,FALSE,FALSE,Q2
254,Vi,39,Primal Ambush,2024-01-24,50.4560903163461,51.4009764356889,5.30765931175612,6.63526612973853,0,0,0,0,0.944886119342776,1.32760681798242,FALSE,FALSE,Q2
157,Yasuo,68,Foreseen,2024-01-24,48.8387225307689,49.5330837739765,16.3873287527123,15.5973584831008,0,0,0,0,0.694361243207567,-0.78997026961143,FALSE,FALSE,Q4: most popular
131,Diana,54,Heavenscale,2024-02-07,50.9664424318334,49.4568767485288,7.06454362500033,6.67467531644462,0,0,4,2,-1.50956568330463,-0.389868308555704,FALSE,TRUE,Q3
81,Ezreal,44,Heavenscale,2024-02-07,48.3380183470705,48.0555785803764,21.2223801771042,19.8320939282981,6,2,0,0,-0.282439766694061,-1.39028624880616,TRUE,FALSE,Q4: most popular
81,Ezreal,54,Prestige Heavenscale,2024-02-07,48.3380183470705,48.0555785803764,21.2223801771042,19.8320939282981,6,2,0,0,-0.282439766694061,-1.39028624880616,TRUE,FALSE,Q4: most popular
40,Janna,56,Heavenscale,2024-02-07,52.3317235093005,51.8120226061878,3.6252187826399,4.54329207422576,0,0,0,0,-0.519700903112771,0.918073291585859,FALSE,FALSE,Q1: least popular
145,Kai'Sa,59,Heavenscale,2024-02-07,47.8917511466919,48.0530855744916,16.5924592064487,12.5231588561455,0,0,0,0,0.161334427799709,-4.06930035030326,FALSE,FALSE,Q4: most popular
64,Lee Sin,51,Heavenscale,2024-02-07,48.2974009173535,48.4844025811338,14.3109265327144,13.9276265904078,0,0,0,0,0.187001663780279,-0.383299942306655,FALSE,FALSE,Q4: most popular
64,Lee Sin,52,Divine Heavenscale,2024-02-07,48.2974009173535,48.4844025811338,14.3109265327144,13.9276265904078,0,0,0,0,0.187001663780279,-0.383299942306655,FALSE,FALSE,Q4: most popular
11,Master Yi,96,Heavenscale,2024-02-07,50.8985899091113,51.0162276644526,8.99236517135629,9.83805091497928,1,1,0,0,0.117637755341363,0.84568574362299,TRUE,FALSE,Q3
136,Aurelion Sol,31,Porcelain Protector,2024-02-22,51.1321806277737,52.9913547675068,2.12057376899306,5.73840117856089,5,1,0,0,1.85917413973308,3.61782740956782,TRUE,FALSE,Q1: least popular
122,Darius,54,Porcelain,2024-02-22,50.0710458307137,49.8540552741096,9.16647414500791,10.4779133757338,3,1,0,0,-0.216990556604188,1.31143923072586,TRUE,FALSE,Q3
104,Graves,45,Porcelain,2024-02-22,50.5133848129315,48.8341473976255,8.36712499318818,5.9345026621958,0,0,1,1,-1.67923741530599,-2.43262233099238,FALSE,TRUE,Q3
39,Irelia,45,Porcelain,2024-02-22,50.0045850824396,49.8620736988127,7.10233875945905,7.31383858908527,2,1,0,0,-0.142511383626861,0.211499829626219,TRUE,FALSE,Q3
203,Kindred,33,Prestige Porcelain,2024-02-22,47.3604554850838,48.3688294795251,2.62231183759968,4.40892201835261,0,0,0,0,1.00837399444126,1.78661018075292,FALSE,FALSE,Q1: least popular
21,Miss Fortune,50,Porcelain,2024-02-22,53.190895307569,50.9817142331598,21.971331793884,14.4154821057949,0,0,0,0,-2.20918107440927,-7.55584968808916,FALSE,FALSE,Q4: most popular
25,Morgana,70,Porcelain,2024-02-22,51.4709031388684,50.7919815752968,9.86091271429015,9.15111690241269,0,0,0,0,-0.678921563571528,-0.709795811877461,FALSE,FALSE,Q3
41,Gangplank,33,PROJECT: Gangplank,2024-03-06,48.8951012239805,48.6227354609633,3.00792604898955,3.31602399888844,0,0,0,0,-0.272365763017156,0.308097949898888,FALSE,FALSE,Q1: least popular
24,Jax,33,PROJECT: Jax,2024-03-06,49.6589162319865,49.7507612799596,12.3111962977922,10.1877745942368,2,1,0,0,0.0918450479731092,-2.12342170355542,TRUE,FALSE,Q4: most popular
950,Naafiri,11,PROJECT: Naafiri,2024-03-06,51.0504515700056,51.12558714968,2.39822439909126,3.11189775792138,0,0,0,0,0.0751355796743169,0.713673358830127,FALSE,FALSE,Q1: least popular
28,Evelynn,52,High Noon,2024-03-20,50.828478215797,49.4864947425301,5.15554059769799,4.22585209644092,0,0,2,1,-1.34198347326692,-0.929688501257073,FALSE,TRUE,Q2
28,Evelynn,53,Prestige High Noon,2024-03-20,50.828478215797,49.4864947425301,5.15554059769799,4.22585209644092,0,0,2,1,-1.34198347326692,-0.929688501257073,FALSE,TRUE,Q2
79,Gragas,29,High Noon,2024-03-20,49.5301670923296,49.4750926395421,6.08392818763031,6.46114109672559,1,1,1,1,-0.0550744527875509,0.377212909095284,TRUE,TRUE,Q2
121,Kha'Zix,79,Crystalis Indomitus,2024-03-20,50.2057191190191,49.536752628735,6.35009783405468,6.70254359373746,0,0,0,0,-0.668966490284134,0.35244575968278,FALSE,FALSE,Q3
526,Rell,20,High Noon,2024-03-20,49.7380266518392,49.86,2.97962510942294,3.06582193675568,0,0,4,1,0.121973348160822,0.0861968273327358,FALSE,TRUE,Q1: least popular
23,Tryndamere,27,Victorious,2024-03-20,48.829631982207,49.862103154482,3.14279307771921,3.92866948514594,1,1,0,0,1.03247117227496,0.785876407426734,TRUE,FALSE,Q1: least popular
777,Yone,55,High Noon,2024-03-20,48.9895822691759,48.8426189268918,17.0151257338845,17.811077481689,0,0,2,2,-0.146963342284145,0.795951747804548,FALSE,TRUE,Q4: most popular
777,Yone,58,Peacemaker High Noon,2024-03-20,48.9895822691759,48.8426189268918,17.0151257338845,17.811077481689,0,0,2,2,-0.146963342284145,0.795951747804548,FALSE,TRUE,Q4: most popular
31,Cho'Gath,32,Toy Terror,2024-04-03,48.7802257885081,49.1472376853323,2.62396940576483,3.30760072193434,2,1,0,0,0.367011896824174,0.683631316169505,TRUE,FALSE,Q1: least popular
516,Ornn,20,Choo-Choo,2024-04-03,49.4302257885081,49.6399650632987,2.65797957919711,3.16174129928943,1,1,0,0,0.209739274790572,0.50376172009232,TRUE,FALSE,Q1: least popular
33,Rammus,26,Durian Defender,2024-04-03,51.8274654121544,51.850052405052,3.61277257994942,3.6588388295258,0,0,0,0,0.0225869928976366,0.0460662495763864,FALSE,FALSE,Q1: least popular
29,Twitch,55,Cheddar Chief,2024-04-03,50.0440276702765,50.8813462206325,5.96976490300144,8.99110195113802,0,0,3,1,0.837318550356038,3.02133704813658,FALSE,TRUE,Q2
154,Zac,24,Zesty Dip,2024-04-03,51.4399125628744,51.3503843037149,6.90998512971534,6.42751365722019,2,1,2,2,-0.0895282591595006,-0.482471472495144,TRUE,TRUE,Q3
238,Zed,58,Blood Moon,2024-04-17,48.6003010787992,48.412097770475,8.27745266474859,8.68259881956305,0,0,0,0,-0.188203308324113,0.405146154814469,FALSE,FALSE,Q3
143,Zyra,55,Blood Moon,2024-04-17,52.4995483818013,52.1800232786845,7.17000474804518,6.21858774355326,0,0,0,0,-0.319525103116746,-0.951417004491923,FALSE,FALSE,Q3
9,Fiddlesticks,37,Blood Moon,2024-04-18,50.2902752629773,50.507846382784,2.84278982861137,3.1057243074609,0,0,0,0,0.217571119806692,0.262934478849532,FALSE,FALSE,Q1: least popular
84,Akali,82,Empyrean,2024-05-01,48.323563307693,49.3843106282386,9.32715422595952,11.3145754409333,1,1,4,1,1.06074732054555,1.98742121497373,TRUE,TRUE,Q3
63,Brand,42,Empyrean,2024-05-01,52.3764994125869,51.8525738685272,10.4593795818687,13.8450936687858,2,2,0,0,-0.523925544059736,3.38571408691718,TRUE,FALSE,Q4: most popular
10,Kayle,66,Empyrean,2024-05-01,52.3240650699323,52.275156957903,4.14342393800682,5.44315495029918,0,0,0,0,-0.0489081120293378,1.29973101229236,FALSE,FALSE,Q2
10,Kayle,67,Prestige Empyrean,2024-05-01,52.3240650699323,52.275156957903,4.14342393800682,5.44315495029918,0,0,0,0,-0.0489081120293378,1.29973101229236,FALSE,FALSE,Q2
90,Malzahar,39,Empyrean,2024-05-01,50.5275029370655,51.1884817383412,4.24139615653258,5.69309383984121,3,1,0,0,0.660978801275682,1.45169768330862,TRUE,FALSE,Q2
56,Nocturne,26,Empyrean,2024-05-01,50.9401254405598,51.8832201418363,6.73597223152822,6.98764357409898,0,0,0,0,0.943094701276422,0.251671342570753,FALSE,FALSE,Q3
876,Lillia,28,Faerie Court,2024-05-15,51.3702096030454,51.7659463612926,3.24496278764002,7.48636369717251,0,0,0,0,0.395736758247153,4.24140090953249,FALSE,FALSE,Q1: least popular
99,Lux,61,Faerie Court,2024-05-15,50.365726762086,50.9616724813662,19.065299459873,20.8908685776713,3,2,0,0,0.59594571928011,1.8255691177983,TRUE,FALSE,Q4: most popular
16,Soraka,44,Faerie Court,2024-05-15,51.1728371806623,51.1177932836431,4.10688421677095,4.56063197523469,0,0,0,0,-0.0550438970192957,0.453747758463736,FALSE,FALSE,Q2
18,Tristana,61,Faerie Court,2024-05-15,49.5829070483442,49.1271892722585,8.98136714505853,11.0313239406128,0,0,2,1,-0.455717776085635,2.04995679555425,FALSE,TRUE,Q3
96,Kog'Maw,55,Victorious,2024-05-17,53.3885315009128,51.1115213049668,3.91568637588378,3.21254934607461,0,0,0,0,-2.27701019594598,-0.703137029809165,FALSE,FALSE,Q2
22,Ashe,67,Infernal,2024-05-30,49.7499092000701,50.844592224315,14.876664374066,20.3026359971037,0,0,1,1,1.09468302424488,5.42597162303771,FALSE,TRUE,Q4: most popular
43,Karma,61,Infernal,2024-05-30,47.7366201026001,47.9708504386904,6.69909774873007,5.05560082169154,4,1,0,0,0.234230336090306,-1.64349692703853,TRUE,FALSE,Q3
2,Olaf,44,Infernal,2024-05-30,49.6302444613497,48.5671303973856,2.56936437334699,1.59368121703279,1,1,0,0,-1.06311406396409,-0.9756831563142,TRUE,FALSE,Q1: least popular
103,Ahri,85,Risen Legend,2024-06-12,50.095684391281,49.6220628886968,10.8516036067957,11.0941016227401,0,0,0,0,-0.473621502584123,0.242498015944403,FALSE,FALSE,Q4: most popular
103,Ahri,86,Immortalized Legend,2024-06-12,50.095684391281,49.6220628886968,10.8516036067957,11.0941016227401,0,0,0,0,-0.473621502584123,0.242498015944403,FALSE,FALSE,Q4: most popular
7,LeBlanc,55,Risen Legend,2024-06-12,48.4142807318802,49.3479371113032,5.00852411313837,10.1201373709721,0,0,0,0,0.933656379423013,5.11161325783375,FALSE,FALSE,Q2
101,Xerath,30,Crystalis Indomitus,2024-06-12,50.7053007460532,50.9047202385195,6.91100101093051,8.37208993356599,2,1,0,0,0.199419492466305,1.46108892263548,TRUE,FALSE,Q3
105,Fizz,35,Rain Shepherd,2024-06-26,49.9582422327483,50.3399557125621,4.56463531228021,4.85661843592193,0,0,0,0,0.381713479813804,0.291983123641723,FALSE,FALSE,Q2
902,Milio,11,Rain Shepherd,2024-06-26,50.9399883701381,51.3099440579732,4.63597517596894,4.42618457078058,0,0,4,1,0.369955687835116,-0.209790605188361,FALSE,TRUE,Q2
200,Bel'Veth,19,Primordian,2024-07-17,49.7755946160353,48.5790477270208,2.24534114040033,2.16471852787331,1,1,0,0,-1.19654688901445,-0.0806226125270184,TRUE,FALSE,Q1: least popular
21,Miss Fortune,32,Admiral Battle Bunny,2024-07-17,49.5502268737665,50.9211113630486,11.7399022926224,17.3381025521305,5,1,0,0,1.37088448928211,5.59820025950811,TRUE,FALSE,Q4: most popular
421,Rek'Sai,26,Primordian,2024-07-17,50.6530939890969,49.8447622718708,1.79136476625307,1.11526293803796,0,0,0,0,-0.808331717226082,-0.676101828215117,FALSE,FALSE,Q1: least popular
147,Seraphine,43,Battle Dove,2024-07-17,50.1472550474669,51.1780954540416,7.42302588464357,9.41285967230174,0,0,2,1,1.0308404065747,1.98983378765818,FALSE,TRUE,Q3
498,Xayah,47,Battle Bat,2024-07-17,48.7329369226432,48.6139677284987,2.97597099296232,4.27754069081475,2,1,0,0,-0.118969194144483,1.30156969785243,TRUE,FALSE,Q1: least popular
350,Yuumi,49,Cyber Cat,2024-07-17,47.7694240896697,48.515555908268,4.85286846245303,6.23777391821155,2,1,0,0,0.746131818598286,1.38490545575852,TRUE,FALSE,Q2
350,Yuumi,50,Prestige Cyber Cat,2024-07-17,47.7694240896697,48.515555908268,4.85286846245303,6.23777391821155,2,1,0,0,0.746131818598286,1.38490545575852,TRUE,FALSE,Q2
266,Aatrox,33,Primordian,2024-07-31,49.3739161264598,49.5179837011376,8.72145295872502,11.0538352336928,0,0,0,0,0.144067574677784,2.33238227496783,FALSE,FALSE,Q3
233,Briar,10,Primordian,2024-07-31,51.6480186385645,52.0420512249962,4.7816635531085,6.02382584470912,0,0,0,0,0.394032586431706,1.24216229160062,FALSE,FALSE,Q2
420,Illaoi,27,Battle Bear,2024-07-31,50.996037277129,51.797972059093,4.83906478202815,5.68946344674589,0,0,0,0,0.801934781963993,0.850398664717744,FALSE,FALSE,Q2
89,Leona,52,Battle Lion,2024-07-31,52.0480069894617,51.2460372545427,11.9155698219755,11.4308400630056,0,0,1,1,-0.801969734918991,-0.484729758969875,FALSE,TRUE,Q4: most popular
89,Leona,53,Prestige Battle Lion,2024-07-31,52.0480069894617,51.2460372545427,11.9155698219755,11.4308400630056,0,0,1,1,-0.801969734918991,-0.484729758969875,FALSE,TRUE,Q4: most popular
157,Yasuo,77,Battle Wolf,2024-07-31,48.5799883508972,49.3480884795389,13.3169601628435,16.0997647405297,3,1,0,0,0.768100128641713,2.78280457768618,TRUE,FALSE,Q4: most popular
432,Bard,35,T1,2024-08-14,48.9195894661069,48.6120855203255,2.00549983797239,2.46596313019556,0,0,0,0,-0.307503945781328,0.460463292223169,FALSE,FALSE,Q1: least popular
126,Jayce,34,T1,2024-08-14,47.7333582918971,46.9297556953001,3.19055534093995,4.56009527032763,2,1,0,0,-0.803602596597045,1.36953992938768,TRUE,FALSE,Q1: least popular
126,Jayce,36,Prestige T1,2024-08-14,47.7333582918971,46.9297556953001,3.19055534093995,4.56009527032763,2,1,0,0,-0.803602596597045,1.36953992938768,TRUE,FALSE,Q1: least popular
222,Jinx,62,T1,2024-08-14,51.2900559430336,50.223001731353,15.3822959071008,12.116262349495,0,0,0,0,-1.06705421168061,-3.26603355760581,FALSE,FALSE,Q4: most popular
64,Lee Sin,68,T1,2024-08-14,48.0181530249505,48.4500349006714,14.8702485722442,16.7820478491013,0,0,0,0,0.43188187572089,1.91179927685709,FALSE,FALSE,Q4: most popular
61,Orianna,38,T1,2024-08-14,48.932947758004,49.2335689356663,2.63246397775554,3.53965690081887,1,1,0,0,0.300621177662379,0.907192923063329,TRUE,FALSE,Q1: least popular
1,Annie,50,Battle Princess,2024-08-28,50.6113641670403,50.849811402994,1.71025310740769,1.77022552795616,0,0,1,1,0.238447235953757,0.0599724205484735,FALSE,TRUE,Q1: least popular
122,Darius,64,Divine God-King,2024-08-28,49.0623629995517,49.1933868855696,8.86244649007137,9.57996984898764,0,0,0,0,0.131023886017935,0.717523358916266,FALSE,FALSE,Q3
114,Fiora,89,Battle Queen,2024-08-28,50.017164400538,49.9466759800991,3.40916076438244,3.87436292436693,0,0,0,0,-0.0704884204389487,0.465202159984494,FALSE,FALSE,Q1: least popular
86,Garen,44,Fallen God-King,2024-08-28,51.2411278670851,52.2266200995047,9.49749842506678,14.5200471541418,0,0,0,0,0.985492232419581,5.022548729075,FALSE,FALSE,Q3
887,Gwen,30,Battle Queen,2024-08-28,49.8583995330046,50.0433170348267,3.29992288018926,4.55061257830717,0,0,0,0,0.184917501822092,1.2506896981179,FALSE,FALSE,Q1: least popular
21,Miss Fortune,60,Battle Queen,2024-08-28,50.8739098338564,50.7304610149035,16.9166879364203,20.0020704719589,0,0,1,1,-0.143448818952912,3.08538253553852,FALSE,TRUE,Q4: most popular
268,Azir,19,Attorney,2024-09-11,47.3698951826635,44.9700697727973,2.52116750199786,1.97700116167125,2,1,0,0,-2.39982540986617,-0.544166340326612,TRUE,FALSE,Q1: least popular
111,Nautilus,36,Crystalis Indomitus,2024-09-11,48.6260908416917,48.3728023213736,10.5247647282716,9.82098113566131,0,0,0,0,-0.253288520318108,-0.703783592610332,FALSE,FALSE,Q4: most popular
412,Thresh,59,Janitor,2024-09-11,49.2761257808038,49.2098778976047,10.9322874119714,12.1791946214212,0,0,0,0,-0.0662478831990967,1.24690720944982,FALSE,FALSE,Q4: most popular
20,Nunu & Willump,44,Fright Night,2024-09-25,48.89,49.6743431539273,3.64709238187138,4.01098905474256,0,0,0,0,0.784343153927338,0.363896672871179,FALSE,FALSE,Q1: least popular
555,Pyke,64,Fright Night,2024-09-25,49.4022450276112,48.2114885084459,7.00608886640129,7.12827906286604,0,0,0,0,-1.19075651916525,0.122190196464747,FALSE,FALSE,Q3
35,Shaco,54,Fright Night,2024-09-25,49.359965112523,49.145761735853,8.16776475293291,7.28411649355147,0,0,0,0,-0.214203376669992,-0.883648259381439,FALSE,FALSE,Q3
45,Veigar,60,Fright Night,2024-09-25,51.2584916857669,52.4159190705236,8.05735891864417,10.0487421002023,0,0,1,1,1.15742738475666,1.99138318155809,FALSE,TRUE,Q3
234,Viego,37,Worlds 2024,2024-09-25,49.8334742420284,50.5243781171875,9.89345751087636,14.6653012403881,1,1,1,1,0.690903875159059,4.7718437295117,TRUE,TRUE,Q3
221,Zeri,28,Fright Night,2024-09-25,49.1629817409892,47.1629245720017,5.6182461583676,4.05058960567991,0,0,0,0,-2.00005716898757,-1.5676565526877,FALSE,FALSE,Q2
221,Zeri,29,Prestige Fright Night,2024-09-25,49.1629817409892,47.1629245720017,5.6182461583676,4.05058960567991,0,0,0,0,-2.00005716898757,-1.5676565526877,FALSE,FALSE,Q2
79,Gragas,39,Music Fan,2024-10-09,48.4479673900237,48.3072305881781,4.59390506635442,6.39279172917127,0,0,0,0,-0.14073680184552,1.79888666281684,FALSE,FALSE,Q2
518,Neeko,40,Cosplayer,2024-10-09,49.2640186342722,49.2898464706883,3.50537725306929,5.22328920263902,1,1,1,1,0.0258278364160702,1.71791194956973,TRUE,TRUE,Q1: least popular
48,Trundle,21,Esports Fan,2024-10-09,50.3759930121479,51.3480011768422,3.37248689842312,4.01961873833144,0,0,0,0,0.972008164694245,0.647131839908325,FALSE,FALSE,Q1: least popular
157,Yasuo,87,Genesis Nightbringer,2024-10-09,48.1958532551064,48.7511544119434,14.6514163470942,16.2025771234545,2,1,0,0,0.555301156836926,1.55116077636029,TRUE,FALSE,Q4: most popular
37,Sona,56,Victorious,2024-10-10,51.535433472639,51.3503086364847,2.22439345714671,2.7765563090464,0,0,0,0,-0.185124836154316,0.552162851899689,FALSE,FALSE,Q1: least popular
15,Sivir,70,Ann-Sivir-sary,2024-10-17,50.5352333333796,50.8317033505624,2.9766964677014,4.71547743242083,0,0,0,0,0.296470017182727,1.73878096471944,FALSE,FALSE,Q1: least popular
131,Diana,64,Dark Cosmic,2024-10-23,50.8929567746783,50.7909977957654,8.88281762483809,9.35848740594558,0,0,0,0,-0.101958978912904,0.475669781107484,FALSE,FALSE,Q3
131,Diana,65,Prestige Dark Cosmic,2024-10-23,50.8929567746783,50.7909977957654,8.88281762483809,9.35848740594558,0,0,0,0,-0.101958978912904,0.475669781107484,FALSE,FALSE,Q3
145,Kai'Sa,69,Dark Star,2024-10-23,50.2685041770921,48.674180615872,22.1131284993824,16.7070008819189,0,0,0,0,-1.59432356122009,-5.4061276174635,FALSE,FALSE,Q4: most popular
517,Sylas,46,Dark Star,2024-10-23,49.9814783873392,49.6856079089717,12.1120008104806,15.9906903704562,0,0,1,1,-0.295870478367476,3.87868955997557,FALSE,TRUE,Q4: most popular
83,Yorick,40,Dark Star,2024-10-23,52.7483298214051,52.7796431767251,6.18063817230491,5.07765036356908,2,1,0,0,0.0313133553200231,-1.10298780873582,TRUE,FALSE,Q2
142,Zoe,33,Dark Star,2024-10-23,49.5160007272002,48.4037290761919,2.60521969661921,2.71363972091744,0,0,0,0,-1.11227165100824,0.108420024298231,FALSE,FALSE,Q1: least popular
55,Katarina,59,Chosen of the Wolf,2024-11-06,48.7300524444934,48.4289954375972,5.59689173424805,6.48576272193278,2,1,0,0,-0.301057006896187,0.888870987684739,TRUE,FALSE,Q2
203,Kindred,34,Chosen of the Wolf,2024-11-06,47.1629395556324,47.2405530208873,2.39324829754584,3.4813006653416,0,0,0,0,0.077613465254899,1.08805236779576,FALSE,FALSE,Q1: least popular
80,Pantheon,38,Chosen of the Wolf,2024-11-06,48.914138370233,49.472562145693,6.12431703904219,6.8404118436165,1,1,0,0,0.558423775460028,0.716094804574305,TRUE,FALSE,Q2
51,Caitlyn,50,Arcane Commander,2024-11-20,50.6096232196695,50.266230351289,21.2481615988667,27.29691540777,2,1,0,0,-0.343392868380555,6.0487538089033,TRUE,FALSE,Q4: most popular
51,Caitlyn,51,Prestige Arcane Commander,2024-11-20,50.6096232196695,50.266230351289,21.2481615988667,27.29691540777,2,1,0,0,-0.343392868380555,6.0487538089033,TRUE,FALSE,Q4: most popular
126,Jayce,35,Arcane Survivor,2024-11-20,48.0569208258767,46.4758802517554,3.19630213965925,5.81526186537269,0,0,0,0,-1.58104057412126,2.61895972571344,FALSE,FALSE,Q1: least popular
254,Vi,48,Arcane Brawler,2024-11-20,48.6884368641677,49.8625621604223,5.54215208502046,7.9957198576844,1,1,0,0,1.17412529625462,2.45356777266394,TRUE,FALSE,Q2
27,Singed,28,Arcane Shimmer Lab,2024-11-26,51.4738681631455,50.6548574418487,1.62705994778081,2.28612791311119,0,0,0,0,-0.819010721296756,0.659067965330386,FALSE,FALSE,Q1: least popular
245,Ekko,57,Arcane Last Stand,2024-12-11,50.1695484607829,49.9727021126413,5.4604238434136,8.86044199292846,2,1,0,0,-0.196846348141612,3.40001814951486,TRUE,FALSE,Q2
74,Heimerdinger,33,Arcane Professor,2024-12-11,51.1620903078434,51.3227021126413,3.01465571554122,3.42737636818866,1,1,0,0,0.160611804797817,0.412720652647439,TRUE,FALSE,Q1: least popular
222,Jinx,60,Arcane Fractured,2024-12-11,50.1764383117726,50.539548434989,14.3214693836508,20.6697586568971,1,1,0,0,0.363110123216444,6.34828927324638,TRUE,FALSE,Q4: most popular
19,Warwick,56,Arcane Vander,2024-12-11,52.3289464084933,52.6064967142184,9.19588164802776,15.4267543305047,15,2,6,2,0.277550305725029,6.23087268247698,TRUE,TRUE,Q3
60,Elise,34,Masque of the Black Rose,2025-01-09,49.7599167742044,47.7890505825238,3.08777361343812,4.68752037153468,0,0,4,2,-1.97086619168056,1.59974675809656,FALSE,TRUE,Q1: least popular
81,Ezreal,65,Masque of the Black Rose,2025-01-09,48.2172994523665,48.7109031435316,15.1480874636017,19.1708612082244,0,0,0,0,0.493603691165049,4.02277374462264,FALSE,FALSE,Q4: most popular
55,Katarina,60,Prestige Masque of the Black Rose,2025-01-09,48.487207366842,47.4976958672265,6.09140790890081,6.54646286772664,0,0,0,0,-0.98951149961546,0.455054958825827,FALSE,FALSE,Q2
11,Master Yi,106,Victorious,2025-01-09,49.1206357389428,48.455078984521,7.22609712005734,7.8362542109625,1,1,0,0,-0.665556754421772,0.61015709090516,TRUE,FALSE,Q3
888,Renata Glasc,31,Masque of the Black Rose,2025-01-09,49.3108110502629,49.0158433062188,1.7673268154647,1.6082063970624,0,0,1,1,-0.294967744044143,-0.159120418402295,FALSE,TRUE,Q1: least popular
360,Samira,33,Masque of the Black Rose,2025-01-09,48.9141473368393,48.6933269509306,4.98552614673925,5.44802875712746,0,0,0,0,-0.220820385908681,0.462502610388211,FALSE,FALSE,Q2
875,Sett,66,Radiant Serpent,2025-01-09,50.9469399699973,51.2003318971403,7.04012431382153,8.43008826028356,0,0,0,0,0.253391927142964,1.38996394646203,FALSE,FALSE,Q3
8,Vladimir,48,Masque of the Black Rose,2025-01-09,49.9804515678937,50.0602856231957,3.96045217846863,5.93116422605918,1,1,0,0,0.0798340553019159,1.97071204759055,TRUE,FALSE,Q2
69,Cassiopeia,38,Prestige Mythmaker,2025-01-23,51.1329600281469,51.1771612749724,2.11843899955163,3.86214157516504,1,1,2,1,0.0442012468255442,1.7437025756134,TRUE,TRUE,Q1: least popular
59,Jarvan IV,44,Mythmaker,2025-01-23,50.5983946704196,50.9779576050024,4.40564083787499,4.77748248638785,0,0,0,0,0.379562934582793,0.371841648512866,FALSE,FALSE,Q2
202,Jhin,47,Mythmaker,2025-01-23,50.5004515661888,49.8369235150229,19.3130942332106,15.8584646140638,0,0,0,0,-0.663528051165933,-3.45462961914679,FALSE,FALSE,Q4: most popular
267,Nami,58,Mythmaker,2025-01-23,51.8668728845105,52.1857548049393,6.2827847845763,7.68724013681679,0,0,0,0,0.318881920428758,1.40445535224049,FALSE,FALSE,Q2
98,Shen,51,Three Honors,2025-01-23,50.5993813464685,50.1277714149756,4.18680607064073,4.81119701297571,0,0,0,0,-0.471609931492985,0.624390942334982,FALSE,FALSE,Q2
32,Amumu,53,Dumpling Darlings,2025-02-05,52.3031198877251,52.3993123948286,7.10928864302681,8.06105267169343,0,0,0,0,0.0961925071035026,0.951764028666616,FALSE,FALSE,Q3
134,Syndra,65,Dumpling Darlings,2025-02-05,49.8523645441332,50.2005648719132,4.76756515547199,5.07794558956811,0,0,1,1,0.348200327779942,0.310380434096124,FALSE,TRUE,Q2
236,Lucian,62,Masked Justice,2025-02-20,48.6456773487449,48.4885809254469,5.69401872633181,5.69117905499223,0,0,0,0,-0.157096423298,-0.00283967133958818,FALSE,FALSE,Q2
235,Senna,63,Masked Justice,2025-02-20,50.0946727707114,49.5604099548709,5.33057252101359,5.04210527374282,0,0,0,0,-0.534262815840478,-0.288467247270769,FALSE,FALSE,Q2
777,Yone,65,Masked Justice,2025-02-20,48.3933180732216,48.2502207449305,13.4759324540924,13.8912074862775,0,0,1,1,-0.143097328291091,0.415275032185106,FALSE,TRUE,Q4: most popular
238,Zed,68,Quantum Galaxy Slayer,2025-02-20,47.2187467488839,47.9098738600397,6.99113417373574,9.5336940242776,0,0,0,0,0.691127111155872,2.54255985054186,FALSE,FALSE,Q3
122,Darius,65,Prestige Triumphant General,2025-03-05,49.8040696934941,50.8340638247515,10.616163831543,16.7651651176594,0,0,3,2,1.02999413125744,6.14900128611637,FALSE,TRUE,Q4: most popular
119,Draven,58,Grand Reckoning,2025-03-05,47.8084884074594,48.3036299436448,3.93859575280787,3.96303991806365,0,0,1,1,0.495141536185422,0.0244441652557779,FALSE,TRUE,Q2
526,Rell,30,Grand Reckoning,2025-03-05,51.0120932933261,50.6650022068721,5.27570727491821,3.91777424793183,0,0,0,0,-0.347091086453993,-1.35793302698638,FALSE,FALSE,Q2
147,Seraphine,50,Dumpling Darlings,2025-03-05,49.2589534915872,49.6109074859112,5.97474486104591,6.08287273244439,1,1,0,0,0.351953994323985,0.10812787139848,TRUE,FALSE,Q2
14,Sion,49,Grand Reckoning,2025-03-05,50.2048837980932,50.9813678494831,4.28392114134282,5.14781667728603,2,1,0,0,0.776484051389929,0.86389553594321,TRUE,FALSE,Q2
91,Talon,59,Grand Reckoning,2025-03-05,49.4277911960184,48.4722885766269,3.80197698332849,4.08096727785565,0,0,0,0,-0.955502619391496,0.278990294527162,FALSE,FALSE,Q2
141,Kayn,26,Battle Academia,2025-03-19,50.3889454704882,50.5047406941599,10.7300042036631,9.70940258246537,1,1,0,0,0.115795223671697,-1.02060162119776,TRUE,FALSE,Q4: most popular
246,Qiyana,50,Prestige Battle Academia,2025-03-19,47.9964322401332,47.2744722396901,1.82720769980338,2.05823530040864,0,0,0,0,-0.721960000443104,0.231027600605261,FALSE,FALSE,Q1: least popular
497,Rakan,47,Battle Academia,2025-03-19,48.9631283075888,49.6884258676998,3.29217535152111,3.613596900629,1,1,0,0,0.725297560111073,0.321421549107892,TRUE,FALSE,Q1: least popular
498,Xayah,57,Battle Academia,2025-03-19,49.7675044101183,50.0897315455302,3.69929485690702,4.72736956702582,0,0,0,0,0.322227135411843,1.0280747101188,FALSE,FALSE,Q1: least popular
201,Braum,42,Grill Master,2025-04-02,51.3421830874748,51.481305581518,4.6372178109664,5.16055056717396,0,0,0,0,0.139122494043228,0.523332756207562,FALSE,FALSE,Q2
86,Garen,43,Pengu,2025-04-02,51.0627587277207,49.8407039189382,12.0361599831439,9.91707123290325,0,0,0,0,-1.22205480878254,-2.11908875024061,FALSE,FALSE,Q4: most popular
54,Malphite,48,Pool Party,2025-04-02,50.5663793638604,50.2793983374202,8.40903407762961,8.58077712213584,0,0,0,0,-0.286981026440166,0.171743044506227,FALSE,FALSE,Q3
950,Naafiri,20,Glizzy,2025-04-02,51.2366089991787,51.8493983374202,2.490735572405,10.0501179646759,26,2,4,2,0.612789338241441,7.55938239227085,TRUE,TRUE,Q1: least popular
35,Shaco,64,Cat-in-the-Box,2025-04-02,49.1021264546201,48.6372984561759,7.16805591927726,9.81415249954187,2,1,0,0,-0.464827998444235,2.64609658026462,TRUE,FALSE,Q3
6,Urgot,32,Urgot the Clogfather,2025-04-02,52.0074142747431,52.0243020188469,3.83593670011606,3.80814720887067,0,0,0,0,0.0168877441038475,-0.0277894912453949,FALSE,FALSE,Q2
90,Malzahar,49,Fatebreaker,2025-04-16,52.4277547751203,52.4621103791428,7.94551662077816,7.60074806415138,0,0,0,0,0.0343556040224939,-0.344768556626772,FALSE,FALSE,Q3
82,Mordekaiser,54,Sahn-Uzal,2025-04-16,51.7752775283652,51.2392732227472,8.92166614537186,9.30289667781785,1,1,0,0,-0.536004305617929,0.381230532445985,TRUE,FALSE,Q3
75,Nasus,54,Fatemaker,2025-04-16,50.9774192412863,51.5134590047251,5.53431536797332,5.34844094003025,0,0,0,0,0.536039763438822,-0.185874427943064,FALSE,FALSE,Q2
44,Taric,27,Fatebreaker,2025-04-16,52.0020382009626,51.7309366350992,1.30007359250636,1.27954491677827,0,0,0,0,-0.271101565863376,-0.0205286757280867,FALSE,FALSE,Q1: least popular
22,Ashe,76,Spirit Blossom,2025-04-30,48.5113166503891,49.5160139804286,11.4858411816371,12.9472426616622,1,1,0,0,1.00469733003945,1.46140148002515,TRUE,FALSE,Q4: most popular
432,Bard,37,Spirit Blossom,2025-04-30,49.8290750732489,49.5146270554523,2.35169711244893,2.45774715060908,0,0,0,0,-0.314448017796558,0.106050038160153,FALSE,FALSE,Q1: least popular
39,Irelia,55,Spirit Blossom,2025-04-30,49.9341594085724,48.8186829771667,6.40755278138312,6.95759870429653,0,0,0,0,-1.11547643140571,0.55004592291341,FALSE,FALSE,Q3
427,Ivern,30,Spirit Blossom,2025-04-30,48.8032344818213,49.2979370880714,1.25034106164846,1.43053575168512,1,1,0,0,0.494702606250066,0.180194690036658,TRUE,FALSE,Q1: least popular
99,Lux,70,Prestige Spirit Blossom,2025-04-30,50.0769749755837,50.4059091272142,18.0438360301309,18.4228138122656,0,0,0,0,0.328934151630463,0.378977782134676,FALSE,FALSE,Q4: most popular
4,Twisted Fate,45,Victorious,2025-04-30,49.5490614776629,47.325524665428,3.84632986224178,4.89349427153817,1,1,0,0,-2.22353681223493,1.04716440929638,TRUE,FALSE,Q2
29,Twitch,64,Pool Party,2025-04-30,49.4518770446742,49.6595686705479,4.6756141088152,4.5838361364299,0,0,0,0,0.207691625873721,-0.0917779723853016,FALSE,FALSE,Q2
110,Varus,60,Spirit Blossom,2025-04-30,48.3264145812986,48.0026340456666,7.12665155518532,8.91609825047098,0,0,1,1,-0.323780535632018,1.78944669528566,FALSE,TRUE,Q3
143,Zyra,64,Spirit Blossom,2025-04-30,51.3047198028575,51.3173310032619,6.24824974053956,5.22001393722161,0,0,0,0,0.012611200404443,-1.02823580331795,FALSE,FALSE,Q2
13,Ryze,29,Blood Moon,2025-05-14,50.5900364950769,49.3498881431096,3.48815895255073,3.68022443909219,0,0,2,2,-1.24014835196739,0.192065486541455,FALSE,TRUE,Q1: least popular
711,Vex,20,Stargazer,2025-05-14,50.7934981752462,50.8867342468713,3.57246480663156,4.23558573614752,0,0,0,0,0.0932360716251637,0.663120929515967,FALSE,FALSE,Q1: least popular
145,Kai'Sa,70,Risen Legend,2025-06-11,48.8799184283075,48.5646340745954,14.7087691292126,16.0761224113421,0,0,0,0,-0.315284353712094,1.3673532821295,FALSE,FALSE,Q4: most popular
145,Kai'Sa,71,Immortalized Legend,2025-06-11,48.8799184283075,48.5646340745954,14.7087691292126,16.0761224113421,0,0,0,0,-0.315284353712094,1.3673532821295,FALSE,FALSE,Q4: most popular
64,Lee Sin,72,Inkshadow,2025-06-11,47.6259160976877,48.9379790479542,11.676811781969,13.3873727398567,1,1,1,1,1.31206295026647,1.71056095788771,TRUE,TRUE,Q4: most popular
895,Nilah,21,Inkshadow,2025-06-11,53.6120769104529,53.1181885684123,1.96982631711574,2.48940464384669,0,0,0,0,-0.49388834204067,0.519578326730951,FALSE,FALSE,Q1: least popular
555,Pyke,74,Inkshadow,2025-06-11,47.9259627100834,47.9319860319695,6.28076280115343,6.08857036361698,0,0,0,0,0.00602332188602617,-0.192192437536456,FALSE,FALSE,Q2
58,Renekton,48,Inkshadow,2025-06-11,50.5040372899166,50.405923175832,6.5485819770361,5.95556247627481,0,0,0,0,-0.0981141140845239,-0.59301950076129,FALSE,FALSE,Q3
67,Vayne,64,Risen Legend,2025-06-11,51.0080396205364,50.5573170372977,7.75109341569633,10.6310269224478,0,0,0,0,-0.450722583238644,2.87993350675148,FALSE,FALSE,Q3
84,Akali,92,Spirit Blossom,2025-06-25,49.9113240130287,49.8042120524562,8.56965546025527,9.180558792735,0,0,0,0,-0.10711196057246,0.61090333247973,FALSE,FALSE,Q3
28,Evelynn,64,Nightbringer,2025-06-25,49.2413589641711,48.9399983430475,2.97481773300831,2.86104453826447,0,0,0,0,-0.301360621123607,-0.113773194743835,FALSE,FALSE,Q1: least popular
910,Hwei,11,Spirit Blossom,2025-06-25,49.82254317263,50.16631683597,4.49485636354125,5.34178172515548,1,1,0,0,0.343773663340009,0.846925361614224,TRUE,FALSE,Q2
40,Janna,66,Dawnbringer,2025-06-25,51.283484788284,51.3473704704412,2.15197445824736,2.53232060507231,0,0,0,0,0.0638856821571991,0.380346146824949,FALSE,FALSE,Q1: least popular
43,Karma,70,Spirit Blossom,2025-06-25,49.3859231074866,49.7484207910075,6.16334191243879,6.65756407080799,0,0,0,0,0.362497683520928,0.494222158369202,FALSE,FALSE,Q2
10,Kayle,78,Spirit Blossom,2025-06-25,52.22,51.91368316403,4.55697736123904,5.17526816320333,0,0,1,1,-0.306316835969973,0.618290801964288,FALSE,TRUE,Q2
25,Morgana,80,Spirit Blossom,2025-06-25,51.0940069902285,51.2757904329725,8.4075367498625,9.39142274098266,0,0,0,0,0.181783442743985,0.983885991120154,FALSE,FALSE,Q3
76,Nidalee,58,Spirit Blossom,2025-06-25,44.7820559218279,46.5073638426314,3.00941325875166,3.90787565230319,3,2,0,0,1.72530792080342,0.898462393551527,TRUE,FALSE,Q1: least popular
238,Zed,69,Prestige Spirit Blossom,2025-06-25,48.3033799348566,47.953158417985,12.4176299929603,13.2479721789725,0,0,0,0,-0.350221516871628,0.830342186012178,FALSE,FALSE,Q4: most popular
120,Hecarim,41,Nightbringer,2025-07-16,47.7620767544945,47.6642135945513,3.00194817382587,2.78594157752371,0,0,0,0,-0.0978631599432234,-0.216006596302158,FALSE,FALSE,Q1: least popular
429,Kalista,24,Dawnbringer,2025-07-16,44.9067597024176,45.1526213514957,1.67055560557194,1.10917912081807,0,0,0,0,0.24586164907813,-0.561376484753872,FALSE,FALSE,Q1: least popular
350,Yuumi,61,Nightbringer,2025-07-16,49.2925015282088,48.7873689324252,5.85249842492087,5.75691428294068,0,0,4,1,-0.505132595783579,-0.0955841419801828,FALSE,TRUE,Q2
103,Ahri,88,Spirit Blossom Springs,2025-07-30,49.0700698866805,49.0900872880748,8.9242373216535,10.1904639260276,1,1,0,0,0.0200174013943055,1.26622660437407,TRUE,FALSE,Q3
103,Ahri,89,After Hours Spirit Blossom Springs,2025-07-30,49.0700698866805,49.0900872880748,8.9242373216535,10.1904639260276,1,1,0,0,0.0200174013943055,1.26622660437407,TRUE,FALSE,Q3
523,Aphelios,40,Prestige Spirit Blossom Springs,2025-07-30,49.802160739365,49.9728097579023,6.19039087970203,6.83552050125053,0,0,0,0,0.170649018537247,0.645129621548493,FALSE,FALSE,Q2
875,Sett,67,Spirit Blossom Springs,2025-07-30,52.590720246455,52.1842408232758,10.8637089382375,10.0262202827031,0,0,0,0,-0.406479423179164,-0.837488655534479,FALSE,FALSE,Q4: most popular
37,Sona,66,Spirit Blossom Springs,2025-07-30,52.5227062691189,52.6528097579023,2.64431079125858,3.30809037338269,0,0,0,0,0.130103488783362,0.663779582124104,FALSE,FALSE,Q1: least popular
17,Teemo,54,Spirit Blossom Springs,2025-07-30,51.4873636175615,51.58,8.33614481916054,8.26363904287867,0,0,0,0,0.0926363824384708,-0.0725057762818651,FALSE,FALSE,Q3
106,Volibear,29,Spirit Blossom Springs,2025-07-30,51.3446573484426,51.8384641889367,8.68039538156632,10.6607789683322,0,0,1,1,0.493806840494131,1.98038358676589,FALSE,TRUE,Q3
42,Corki,36,Brick Toy,2025-08-13,47.1057822701371,47.6898427280842,2.44976918280726,2.46486235834179,2,1,2,1,0.584060457947039,0.0150931755345329,TRUE,TRUE,Q1: least popular
114,Fiora,98,Victorious,2025-08-13,49.6730972464464,49.8759514417779,3.60984185871252,4.31429371816685,4,2,0,0,0.20285419533149,0.704451859454332,TRUE,FALSE,Q1: least popular
876,Lillia,37,Bowling League,2025-08-13,50.1973643159602,50.2171728136983,3.81422795321442,3.39244149237689,0,0,0,0,0.0198084977381114,-0.421786460837529,FALSE,FALSE,Q2
12,Alistar,40,Elderwood,2025-08-27,48.9538548445878,48.7319855214646,4.45918065668219,4.00424309358308,0,0,0,0,-0.221869323123236,-0.454937563099103,FALSE,FALSE,Q2
86,Garen,46,Visions of the Fallen,2025-08-27,50.7185078725809,51.6938200737381,6.69530766547719,8.08904512916644,0,0,0,0,0.975312201157159,1.39373746368925,FALSE,FALSE,Q3
59,Jarvan IV,54,Prestige Visions of the Fallen,2025-08-27,51.3594316745576,50.6831985521465,6.6672953998697,6.04817405126917,0,0,0,0,-0.676233122411155,-0.619121348600538,FALSE,FALSE,Q3
202,Jhin,55,Arcana,2025-08-27,49.7162345708114,49.7479782821969,16.1616423931158,18.0833700415276,0,0,0,0,0.0317437113855092,1.92172764841183,FALSE,FALSE,Q4: most popular
117,Lulu,55,Arcana,2025-08-27,50.9906747498964,49.4167290551765,9.60091685093392,8.3337000700296,0,0,0,0,-1.57394569471987,-1.26721678090432,FALSE,FALSE,Q3
23,Tryndamere,37,Visions of the Fallen,2025-08-27,49.4195913112387,49.809927607323,3.19094005860324,3.77072452418938,0,0,0,0,0.390336296084321,0.579784465586142,FALSE,FALSE,Q1: least popular
150,Gnar,41,T1,2025-09-10,48.6069309233172,48.965293170457,2.98627548151994,3.46549461450918,2,1,0,0,0.358362247139795,0.479219132989241,TRUE,FALSE,Q1: least popular
555,Pyke,75,T1,2025-09-10,48.3600349067478,48.4001461379443,6.43528346301677,7.30060742448733,0,0,0,0,0.0401112311964909,0.865323961470564,FALSE,FALSE,Q3
517,Sylas,53,Prestige T1,2025-09-10,49.0900523601217,48.7852949595938,12.2524203648613,18.2390105026806,1,1,0,0,-0.304757400527826,5.98659013781927,TRUE,FALSE,Q4: most popular
110,Varus,69,T1,2025-09-10,47.0458588993836,46.78764569066,6.18695738409561,6.22437215900859,2,1,0,0,-0.258213208723554,0.0374147749129801,TRUE,FALSE,Q2
254,Vi,49,T1,2025-09-10,48.4599301865045,48.1829406502539,4.10568873852044,4.54251751912364,0,0,0,0,-0.276989536250611,0.436828780603195,FALSE,FALSE,Q2
777,Yone,74,T1,2025-09-10,47.9942632742336,47.7291178049239,11.8808483020235,14.384749365736,0,0,0,0,-0.265145469309736,2.50390106371258,FALSE,FALSE,Q4: most popular
893,Aurora,11,Arcana,2025-09-24,48.9200174725244,48.4033112709325,4.66155496127864,4.13818814076311,1,1,0,0,-0.516706201591894,-0.523366820515529,TRUE,FALSE,Q2
30,Karthus,35,Arcana,2025-09-24,48.6099825274756,48.317244458342,1.63687676987424,1.83639422584018,0,0,0,0,-0.292738069133662,0.199517455965941,FALSE,FALSE,Q1: least popular
26,Zilean,24,Arcana,2025-09-24,50.9972976137874,51.2480218539382,2.28858506398145,2.27370442155586,0,0,0,0,0.250724240150795,-0.014880642425593,FALSE,FALSE,Q1: least popular
9,Fiddlesticks,46,Flora Fatalis,2025-10-08,50.6926701717103,50.9915381626462,3.27577963181534,3.43537326278958,0,0,0,0,0.298867990935918,0.159593630974242,FALSE,FALSE,Q1: least popular
127,Lissandra,43,Flora Fatalis,2025-10-08,50.2803534873341,50.3857690813231,2.86105977332695,2.73683269514069,0,0,0,0,0.105415593988987,-0.124227078186255,FALSE,FALSE,Q1: least popular
16,Soraka,53,Flora Fatalis,2025-10-08,51.8876570277967,51.4292897798864,4.49870987442126,4.67668764699748,0,0,0,0,-0.458367247910303,0.177977772576216,FALSE,FALSE,Q2
5,Xin Zhao,47,Trials of Twilight,2025-10-08,49.1942798814182,49.9142005166723,9.77933678846195,5.76382864141812,1,1,0,0,0.719920635254077,-4.01550814704383,TRUE,FALSE,Q3
518,Neeko,49,Beeko,2025-10-22,48.9440147569016,48.3695536195053,3.98069722454305,5.95758196799511,0,0,1,1,-0.574461137396256,1.97688474345207,FALSE,TRUE,Q2
72,Skarner,14,Mecha Kingdoms,2025-10-22,43.4044070514403,43.2997350434883,0.882921357562656,1.19180504488012,0,0,2,1,-0.10467200795204,0.308883687317465,FALSE,TRUE,Q1: least popular
142,Zoe,43,Prestige Eternal Aspect,2025-10-22,48.9620073784508,48.5385719413902,3.56817357761073,4.38829157982344,0,0,0,0,-0.423435437060604,0.820118002212712,FALSE,FALSE,Q1: least popular
122,Darius,67,Mecha Kingdoms,2025-11-05,48.8290392784452,49.0737506729083,8.87541064023288,9.43452415265741,0,0,0,0,0.244711394463124,0.559113512424531,FALSE,FALSE,Q3
99,Lux,72,Panda Pal,2025-11-05,50.1099033209995,50.0245002093493,16.5352832944838,16.0704703149577,0,0,0,0,-0.0854031116503009,-0.464812979526066,FALSE,FALSE,Q4: most popular
112,Viktor,25,Machine Herald,2025-11-05,49.7419214431097,50.0947502542098,4.01415730865884,5.29652397129786,0,0,0,0,0.352828811100103,1.28236666263901,FALSE,FALSE,Q2
62,Wukong,26,Mecha Kingdoms,2025-11-05,50.839425994447,51.1347508523505,4.77088751855448,4.49981352107526,1,1,0,0,0.295324857903488,-0.271073997479223,TRUE,FALSE,Q2
887,Gwen,39,Rain Shepherd,2025-11-19,47.2544063263692,48.5640180251058,2.8574264513448,4.62007249081804,11,1,0,0,1.30961169873655,1.76264603947324,TRUE,FALSE,Q1: least popular
18,Tristana,70,Rain Shepherd,2025-11-19,48.6505029050921,49.2455356884453,6.54149857268527,7.99097297624153,1,1,0,0,0.595032783353211,1.44947440355627,TRUE,FALSE,Q3
236,Lucian,72,Sunken Shadows,2025-12-03,48.7353573312385,48.6549105920553,7.58187169318659,8.23657159293775,0,0,3,1,-0.0804467391831096,0.654699899751162,FALSE,TRUE,Q3
800,Mel,10,Prestige Winterblessed,2025-12-03,49.2653573312385,47.2874109723276,13.2872801748022,14.0777107225599,2,1,0,0,-1.9779463589108,0.790430547757625,TRUE,FALSE,Q4: most popular
902,Milio,20,Winter Wonder,2025-12-03,53.1416066719039,52.8867858772596,6.64656322378432,6.4731359314941,0,0,0,0,-0.254820794644331,-0.173427292290217,FALSE,FALSE,Q3
267,Nami,68,Sunken Shadows,2025-12-03,52.3607146624769,52.4835717545191,7.94850620395222,9.08186474498601,0,0,0,0,0.122857092042239,1.13335854103379,FALSE,FALSE,Q3
901,Smolder,11,Reindeer,2025-12-03,51.1180368759704,50.877678435617,11.9749127708307,11.5392312310977,0,0,4,1,-0.240358440353361,-0.435681539732975,FALSE,TRUE,Q4: most popular
221,Zeri,40,Winter Wonder,2025-12-03,49.1625891130314,49.2616078219149,1.89574506073734,2.83583358392873,1,1,5,1,0.0990187088834205,0.940088523191389,TRUE,TRUE,Q1: least popular
31,Cho'Gath,41,Petricite,2026-01-08,49.9137490948402,49.6410005594044,5.83935261290218,5.19816845485312,0,0,0,0,-0.272748535435852,-0.641184158049063,FALSE,FALSE,Q2
119,Draven,68,Victorious,2026-01-08,47.9941071169954,46.1199974572528,3.87864901451847,4.04211658124828,0,0,0,0,-1.87410965974264,0.163467566729808,FALSE,FALSE,Q2
25,Morgana,81,Prestige Veiled Lady,2026-01-08,51.1177681545525,50.8947496058742,10.7462931225747,10.106772951164,0,0,0,0,-0.223018548678304,-0.639520171410705,FALSE,FALSE,Q4: most popular
111,Nautilus,39,Petricite,2026-01-08,48.9560718940822,49.5755000254275,9.8516747880649,11.0424303652025,0,0,0,0,0.619428131345309,1.19075557713756,FALSE,FALSE,Q3
163,Taliyah,24,Durand's Legacy,2026-01-08,48.0005355849772,47.5507509281027,2.09693838672998,2.46599594720907,0,0,0,0,-0.449784656874456,0.36905756047909,FALSE,FALSE,Q1: least popular
233,Briar,20,Battle Academia,2026-01-22,52.9439280466652,52.4003550548727,5.76257725733392,6.28181269986552,2,1,0,0,-0.543572991792537,0.5192354425316,TRUE,FALSE,Q2
3,Galio,40,Aegis Frame,2026-01-22,49.4570535568518,49.6789288391189,4.78130816971169,5.73100778670354,0,0,0,0,0.221875282267078,0.949699616991848,FALSE,FALSE,Q2
516,Ornn,29,Aegis Frame,2026-01-22,50.6874995918507,52.1893749063084,3.4470830875279,4.77219096179421,0,0,0,0,1.50187531445768,1.32510787426631,FALSE,FALSE,Q1: least popular
360,Samira,35,Battle Professor,2026-01-22,50.0760703207376,50.1727674154538,5.35332042951868,5.49697341019033,3,1,0,0,0.0966970947162054,0.143652980671648,TRUE,FALSE,Q2
234,Viego,43,Revenant Reign,2026-01-22,50.7834820116663,49.4735715356476,10.9129778406981,16.6034678307785,5,2,0,0,-1.30991047601874,5.69048999008044,TRUE,FALSE,Q4: most popular
22,Ashe,84,Firecracker,2026-02-04,48.9747521157426,49.7158032345468,11.3219174274575,10.4401516872682,2,2,0,0,0.741051118804201,-0.881765740189387,TRUE,FALSE,Q4: most popular
51,Caitlyn,54,Firecracker,2026-02-04,49.5800823515181,49.9577676081433,19.7023645242237,22.2051116970154,2,1,0,0,0.377685256625185,2.50274717279167,TRUE,FALSE,Q4: most popular
78,Poppy,42,Firecracker,2026-02-04,50.0166677729373,49.8277676081433,3.48394977953277,3.13595236984149,0,0,0,0,-0.188900164794006,-0.347997409691276,FALSE,FALSE,Q1: least popular
147,Seraphine,59,Firecracker,2026-02-04,49.8383330567657,50.9374995898831,6.85359932123263,7.61039089469566,0,0,0,0,1.09916653311743,0.756791573463026,FALSE,FALSE,Q3
350,Yuumi,70,Firecracker,2026-02-04,48.1224987554455,47.9903579045028,4.62726379651907,4.55488315064521,0,0,0,0,-0.132140850942697,-0.0723806458738574,FALSE,FALSE,Q2
115,Ziggs,43,Firecracker,2026-02-04,50.6120836790429,50.7023222780993,3.14031353567097,3.00050170284657,0,0,0,0,0.0902385990563914,-0.139811832824396,FALSE,FALSE,Q1: least popular
136,Aurelion Sol,38,Divine Architect Porcelain,2026-02-19,52.238250656166,52.1248402924005,3.17190852817731,3.81863938495591,0,0,0,0,-0.113410363765446,0.646730856778595,FALSE,FALSE,Q1: least popular
164,Camille,44,Petals of Spring,2026-02-19,47.911500540372,48.5808821223808,1.79985650032587,2.30456724780339,0,0,0,0,0.669381582008825,0.504710747477516,FALSE,FALSE,Q1: least popular
126,Jayce,38,Petals of Spring,2026-02-19,48.2609174257606,47.9481368706347,7.36468618594053,3.92297883656299,2,1,0,0,-0.312780555125968,-3.44170734937755,TRUE,FALSE,Q3
55,Katarina,70,Petals of Spring,2026-02-19,48.7981666923987,49.2109923876784,7.46526706303595,6.48256696836175,0,0,0,0,0.412825695279729,-0.9827000946742,FALSE,FALSE,Q3
876,Lillia,46,Petals of Spring,2026-02-19,51.1371699346305,50.3148402924005,3.46998537737723,3.61247468075844,0,0,3,1,-0.822329642229995,0.142489303381208,FALSE,TRUE,Q1: least popular
157,Yasuo,88,Petals of Spring,2026-02-19,50.084249729814,49.6180152246432,14.6883381155089,15.8015753746027,1,1,0,0,-0.46623450517081,1.11323725909383,TRUE,FALSE,Q4: most popular
57,Maokai,35,Corrupted Petricite,2026-03-04,50.6759807940628,51.1939992213913,2.32848212104236,3.48505320704513,2,2,0,0,0.518018427328506,1.15657108600276,TRUE,FALSE,Q1: least popular
37,Sona,75,Prestige Requiem,2026-03-04,52.624376402212,52.3880023358262,5.12579037169937,3.96535122639742,0,0,0,0,-0.236374066385807,-1.16043914530195,FALSE,FALSE,Q2
101,Xerath,32,Corrupted Petricite,2026-03-04,51.3625889251455,51.5433281426085,7.32689285229723,9.00214526444618,0,0,0,0,0.180739217463021,1.67525241214895,FALSE,FALSE,Q3
950,Naafiri,29,Warhound,2026-03-19,50.7925011027176,51.028969190875,7.29811711612596,7.72515548726696,0,0,0,0,0.236468088157366,0.427038371141009,FALSE,FALSE,Q3
235,Senna,72,Warhound,2026-03-19,49.7312492745279,49.774261445375,5.36134780758637,6.54628908193839,2,1,0,0,0.0430121708471205,1.18494127435201,TRUE,FALSE,Q2
19,Warwick,58,Warhound,2026-03-19,50.1875000580378,49.9768246473,6.13887738434445,5.96687196770711,0,0,0,0,-0.210675410737778,-0.17200541663734,FALSE,FALSE,Q2
53,Blitzcrank,66,Bubble Bash,2026-04-01,49.6280016086299,49.5746429388519,6.04093420220207,5.76372211439099,0,0,0,0,-0.0533586697779498,-0.277212087811081,FALSE,FALSE,Q2
82,Mordekaiser,55,Prestige Money Miser,2026-04-01,51.4713282393387,51.2894052793955,9.33418714878557,9.5228000157011,0,0,0,0,-0.181922959943208,0.18861286691553,FALSE,FALSE,Q3
113,Sejuani,48,Pug Trainer,2026-04-01,51.0239967827403,50.5745235371603,2.61362748350223,2.63942360525438,0,0,0,0,-0.449473245579995,0.0257961217521445,FALSE,FALSE,Q1: least popular
50,Swain,42,Fried Chicken King,2026-04-01,50.5666653261418,50.667321469426,7.95736609852113,7.47410709371139,0,0,0,0,0.100656143284183,-0.483259004809737,FALSE,FALSE,Q3
223,Tahm Kench,39,Choncc Kench,2026-04-01,49.5119983913701,49.7960711834442,6.4626949275211,6.76123720496202,0,0,2,1,0.284072792074099,0.298542277440927,FALSE,TRUE,Q3
711,Vex,29,Surprise Party,2026-04-01,50.8326645218268,50.5969047074321,3.89266061774783,4.09055453653936,0,0,0,0,-0.235759814394783,0.197893918791528,FALSE,FALSE,Q2
11,Master Yi,116,PROJECT: Command Line Yi,2026-04-15,49.8825457369898,49.8063334225795,9.16621695864217,10.704874180094,0,0,0,0,-0.0762123144103057,1.53865722145185,FALSE,FALSE,Q3
15,Sivir,72,PROJECT: Sivir,2026-04-15,50.2478101784383,49.771389260748,4.87866506977759,3.6075110236397,0,0,0,0,-0.476420917690355,-1.27115404613789,FALSE,FALSE,Q2
8,Vladimir,49,PsyOps,2026-04-15,49.4066881031611,50.2627758441105,3.31599514976324,4.7673952844202,0,0,0,0,0.856087740949455,1.45140013465696,FALSE,FALSE,Q1: least popular
154,Zac,33,Space Groove,2026-04-15,49.9474542630102,49.9457777182803,2.73819688414658,2.70242809597323,0,0,0,0,-0.0016765447298539,-0.0357687881733488,FALSE,FALSE,Q1: least popular
1,Annie,59,Pandemonium,2026-04-29,50.6659882211604,50.6830362844902,2.73834556118091,3.21744078778131,0,0,0,0,0.0170480633297743,0.479095226600399,FALSE,FALSE,Q1: least popular
203,Kindred,45,Pandemonium,2026-04-29,48.2294154780938,47.4785707267813,2.2299952307827,2.57634617102914,0,0,0,0,-0.750844751312492,0.346350940246438,FALSE,FALSE,Q1: least popular
35,Shaco,71,Prestige Pandemonium,2026-04-29,48.6187468482872,48.9287509210996,6.63360244250282,7.82784412774151,0,0,0,0,0.310004072812369,1.19424168523869,FALSE,FALSE,Q3
67,Vayne,67,Demoncursed,2026-04-29,50.1130361645304,49.4202378028255,10.8820386068954,11.3265590872415,0,0,0,0,-0.69279836170486,0.444520480346078,FALSE,FALSE,Q4: most popular
201,Braum,51,Victorious,2026-04-30,51.1703339949249,50.5023811911674,4.62741984506887,4.6141057472825,0,0,0,0,-0.667952803757487,-0.0133140977863713,FALSE,FALSE,Q2
427,Ivern,31,Rain Shepherd,2026-05-13,49.1092882830262,49.3686652843021,1.07318702096978,1.22549365698852,0,0,0,0,0.259377001275922,0.152306636018735,FALSE,FALSE,Q1: least popular
133,Quinn,24,PROJECT: Quinn,2026-05-13,49.3963688839248,47.7608297084862,1.82168163888469,3.48190732638598,4,2,0,0,-1.63553917543856,1.66022568750129,TRUE,FALSE,Q1: least popular
131,Diana,76,Eternal Aspect,2026-05-28,50.2628341066435,50.8626217856506,8.34425677066938,10.3786965331803,2,1,0,0,0.599787679007129,2.03443976251095,TRUE,FALSE,Q3
131,Diana,77,Eclipse Eternal Aspect,2026-05-28,50.2628341066435,50.8626217856506,8.34425677066938,10.3786965331803,2,1,0,0,0.599787679007129,2.03443976251095,TRUE,FALSE,Q3
420,Illaoi,37,Pasta Maker,2026-05-28,50.7587227832511,51.3082521428996,3.7126858835734,3.89478972519418,2,1,0,0,0.549529359648453,0.182103841620779,TRUE,FALSE,Q1: least popular
39,Irelia,63,Breadsticks,2026-05-28,50.2302231926506,50.0395128573976,7.04197075854523,6.83153904205245,0,0,0,0,-0.190710335253009,-0.210431716492773,FALSE,FALSE,Q3
89,Leona,64,Eternal Aspect,2026-05-28,51.1034444747703,51.7690293749628,7.5796571105342,8.72686173043704,0,0,0,0,0.665584900192506,1.14720461990284,FALSE,FALSE,Q3
14,Sion,50,Pizza Chef,2026-05-28,51.162000545866,51.1423280360221,5.51324280981052,6.12614645836806,0,0,2,1,-0.0196725098438577,0.612903648557532,FALSE,TRUE,Q2
161,Vel'Koz,29,Spaghetti alla Vel'Koz,2026-05-28,51.281000272933,51.2408739285502,4.59807913673341,5.60411683315284,0,0,0,0,-0.0401263443827844,1.00603769641944,FALSE,FALSE,Q2
63,Brand,53,Sinful Shores,2026-06-10,52.0387502102037,51.4029179593426,11.9853930705105,9.49954412528412,0,0,2,1,-0.635832250861064,-2.48584894522639,FALSE,TRUE,Q4: most popular
910,Hwei,21,Sinful Shores,2026-06-10,50.0729165125173,51.0436054905822,3.93822066022279,5.57702793226505,4,1,0,0,0.970688978064906,1.63880727204226,TRUE,FALSE,Q2
7,LeBlanc,59,Prestige Sinful Shores,2026-06-10,48.5970834874827,48.6823593686101,4.24063528686802,4.87411628017455,0,0,0,0,0.0852758811273731,0.63348099330653,FALSE,FALSE,Q2
166,Akshan,21,High Noon,2026-06-24,48.5220337835417,48.768839410075,2.19578608569122,2.60973661374522,0,0,0,0,0.246805626533281,0.413950528053995,FALSE,FALSE,Q1: least popular
893,Aurora,20,Broken Covenant,2026-06-24,48.4938235748377,48.5608206433726,3.09806006168606,2.64574240160631,0,0,0,0,0.0669970685349171,-0.452317660079751,FALSE,FALSE,Q1: least popular
202,Jhin,64,Broken Covenant,2026-06-24,49.433973723912,49.4487924933191,15.6627100055416,15.9902430075298,0,0,0,0,0.0148187694070501,0.327533001988172,FALSE,FALSE,Q4: most popular
98,Shen,54,Broken Covenant,2026-06-24,50.8100750745372,50.9068112600214,4.50717843244824,4.98610024431772,0,0,0,0,0.0967361854842821,0.478921811869474,FALSE,FALSE,Q2
799,Ambessa,8,T1,2026-07-15,48.1366250957973,48.6032140708892,3.72371506248463,4.1205471196407,0,0,1,1,0.466588975091959,0.396832057156068,FALSE,TRUE,Q2
3,Galio,47,T1,2026-07-15,49.8067498084055,50.1342854278523,5.18782456593445,5.93088238502906,0,0,0,0,0.327535619446827,0.743057819094609,FALSE,FALSE,Q2
21,Miss Fortune,69,MVP T1,2026-07-15,50.5367498084055,50.5689886084313,14.8619416611598,16.5297869728317,0,0,1,1,0.0322388000258229,1.66784531167189,FALSE,TRUE,Q4: most popular
107,Rengar,49,Victorious,2026-07-15,45.7189466612219,44.9288726877104,3.6594118071234,3.94274811489042,0,0,0,0,-0.790073973511532,0.283336307767018,FALSE,FALSE,Q1: least popular
147,Seraphine,68,T1,2026-07-15,52.1432501915945,51.5132740362836,14.5679370143109,15.4622841971155,0,0,0,0,-0.629976155310928,0.894347182804625,FALSE,FALSE,Q4: most popular
5,Xin Zhao,53,T1,2026-07-15,50.6796815000878,50.4935118928272,8.48373570144874,4.839589408186,0,0,0,0,-0.186169607260617,-3.64414629326273,FALSE,FALSE,Q3
804,Yunara,10,T1,2026-07-15,47.384552955589,48.8226783924077,4.38985593806035,5.40253270900285,1,1,1,1,1.43812543681867,1.0126767709425,TRUE,TRUE,Q2
12,Alistar,49,Black Alistar Modern,2026-07-29,49.4056586461174,50.4287509001664,3.1919932608973,3.45704221109104,1,1,0,0,1.02309225404903,0.265048950193737,TRUE,FALSE,Q1: least popular
1,Annie,60,Goth Annie Modern,2026-07-29,50.341706769413,50.2232636721822,2.49781052190116,2.33975728514162,0,0,0,0,-0.118443097230838,-0.158053236759536,FALSE,FALSE,Q1: least popular
53,Blitzcrank,75,Rustier,2026-07-29,50.0976411384537,49.9242357277069,6.02219903733588,6.38407478413128,0,0,0,0,-0.173405410746838,0.361875746795402,FALSE,FALSE,Q2
53,Blitzcrank,76,Rustiest,2026-07-29,50.0976411384537,49.9242357277069,6.02219903733588,6.38407478413128,0,0,0,0,-0.173405410746838,0.361875746795402,FALSE,FALSE,Q2
24,Jax,42,Prestige Magma Chamber,2026-07-29,50.4072647692438,50.0229866278733,9.39426104437358,9.4796303250953,0,0,0,0,-0.384278141370466,0.0853692807217286,FALSE,FALSE,Q3
33,Rammus,35,Baron,2026-07-29,53.0377417847403,52.9186099775682,2.83712888655345,2.60339825870844,0,0,0,0,-0.119131807172153,-0.233730627845011,FALSE,FALSE,Q1: least popular
45,Veigar,67,Prestige Magma Chamber,2026-07-29,51.8947177230925,51.934306189006,8.05860936310841,10.5320442236706,0,0,0,0,0.0395884659134751,2.47343486056219,FALSE,FALSE,Q3
887,Gwen,48,Faerie Court,2026-08-12,49.0937502594587,50.2116621068766,2.90724416651623,5.19585305700562,3,1,0,0,1.11791184741792,2.28860889048939,TRUE,FALSE,Q1: least popular
117,Lulu,56,Faerie Court,2026-08-12,49.2929163303314,49.9600024871582,5.91523023817171,7.16572436559842,0,0,0,0,0.667086156826869,1.2504941274267,FALSE,FALSE,Q2
